Passenger ID,First Name,Last Name,Gender,Age,Nationality,Airport Name,Airport Country Code,Country Name,Departure Date,Arrival Airport,Flight Count,Departure Date Ordinal
YYraCT,Urbanus,Tasch,Male,53,Sweden,Piešťany Airport,SK,Slovakia,2021-01-01,PZY,3,737791
uGpvGx,Hattie,Grcic,Female,6,Argentina,Ålesund Airport,NO,Norway,2021-01-02,AES,1,737792
BpvpCc,Brendis,Coller,Male,84,Nigeria,Værøy Heliport,NO,Norway,2021-01-02,VRY,1,737792
NKSGe7,Bud,Golden of Ireland,Male,70,Armenia,Grenchen Airport,CH,Switzerland,2021-01-02,ZHI,2,737792
wUmwrG,Cobbie,Bigmore,Male,10,Ukraine,Andøya Airport,NO,Norway,2021-01-04,ANX,2,737794
xqpFgU,Dale,Terzo,Male,2,China,Bologna Guglielmo Marconi Airport,IT,Italy,2021-01-05,BLQ,1,737795
XhAJoR,Kally,Faithorn,Female,14,Canada,Vilhelmina Airport,SE,Sweden,2021-01-05,VHM,1,737795
FlaV3X,Roch,McAuley,Female,84,Russia,Örebro Airport,SE,Sweden,2021-01-07,ORB,2,737797
R2TBvX,Bidget,Gadman,Female,63,Ukraine,Malmö Sturup Airport,SE,Sweden,2021-01-08,MMX,6,737798
sVW2PY,Gusella,Waterfield,Female,1,Russia,Aosta Airport,IT,Italy,2021-01-08,AOT,1,737798
J3p7wx,Norbert,Corker,Male,13,Portugal,Wilhelmshaven-Mariensiel Airport,DE,Germany,2021-01-09,WVN,2,737799
csGTa1,Aeriel,MacGiffin,Female,25,Russia,Antwerp International Airport (Deurne),BE,Belgium,2021-01-09,ANR,1,737799
tWaZGn,Georges,Larkworthy,Male,82,Azerbaijan,Cahors-Lalbenque Airport,FR,France,2021-01-10,ZAO,1,737800
Tbm8D1,Pietrek,Visco,Male,2,China,Tromsø Airport,NO,Norway,2021-01-11,TOS,3,737801
ewsJMm,Steven,Reidshaw,Male,46,Sweden,Vilnius International Airport,LT,Lithuania,2021-01-11,VNO,2,737801
qFu7sz,Spense,Haibel,Male,24,Poland,Växjö Kronoberg Airport,SE,Sweden,2021-01-14,VXO,1,737804
szYjG5,Matilda,Speedin,Female,81,Poland,Borlange Airport,SE,Sweden,2021-01-14,BLE,4,737804
SzmsDB,Clywd,Gheerhaert,Male,9,China,Lidköping-Hovby Airport,SE,Sweden,2021-01-15,LDK,1,737805
Zkw3AE,Samuel,Morrow,Male,85,Canada,Liège Airport,BE,Belgium,2021-01-15,LGG,2,737805
eUK5uK,Robby,Scotts,Male,1,China,Røst Airport,NO,Norway,2021-01-16,RET,3,737806
fYe705,Ingram,Prewer,Male,88,Afghanistan,Algeciras Heliport,ES,Spain,2021-01-16,AEI,48,737806
fYe705,Ingram,Prewer,Male,88,Afghanistan,Joensuu Airport,FI,Finland,2021-01-17,JOE,48,737807
ycwqt9,Lockwood,Swanson,Male,64,Argentina,Košice Airport,SK,Slovakia,2021-01-17,KSC,1,737807
0as90K,Natale,Keilty,Male,3,United States,Lausanne-Blécherette Airport,CH,Switzerland,2021-01-17,QLS,4,737807
SAA64e,Gerladina,Bohey,Female,6,Yemen,Biała Podlaska Airfield,PL,Poland,2021-01-17,BXP,14,737807
DhjRmO,Reilly,Smeaton,Male,85,Ukraine,Treviso-Sant'Angelo Airport,IT,Italy,2021-01-17,TSF,2,737807
96W0jM,Jody,Spire,Male,66,South Africa,Aerodromo de Chaves,PT,Portugal,2021-01-18,CHV,2,737808
Sb94i6,Mal,Torritti,Male,87,Thailand,Ängelholm-Helsingborg Airport,SE,Sweden,2021-01-19,AGH,32,737809
JE4vhn,Tremain,Iron,Male,26,Argentina,Zaragoza Air Base,ES,Spain,2021-01-19,ZAZ,49,737809
2btv8m,Dexter,Patching,Male,81,Cuba,Visby Airport,SE,Sweden,2021-01-20,VBY,1,737810
JTv8GJ,Lyell,Jorio,Male,66,Ukraine,Svolvær Helle Airport,NO,Norway,2021-01-21,SVJ,8,737811
dRjs80,Natala,Medmore,Female,12,Antigua and Barbuda,M. R. Štefánik Airport,SK,Slovakia,2021-01-21,BTS,21,737811
R3Vs4T,Yolanthe,Harriot,Female,2,Sweden,Andøya Airport,NO,Norway,2021-01-24,ANX,17,737814
ROqVLB,Merola,Bartolommeo,Female,13,Afghanistan,Vilnius International Airport,LT,Lithuania,2021-01-26,VNO,44,737816
CzyucI,Olenolin,Scotter,Male,61,China,Borlange Airport,SE,Sweden,2021-01-26,BLE,1,737816
k9EB7T,Clem,Gellert,Male,9,United States,Linköping City Airport,SE,Sweden,2021-01-26,LPI,7,737816
Oubjze,Ben,Ferber,Male,4,Czech Republic,Amsterdam Airport Schiphol,NL,Netherlands,2021-01-27,AMS,3,737817
o7QsEF,Dennet,Gilhoolie,Male,38,Thailand,Prešov Air Base,SK,Slovakia,2021-01-28,POV,3,737818
FCqBUl,Marianna,Shafier,Female,7,Thailand,Cahors-Lalbenque Airport,FR,France,2021-01-28,ZAO,1,737818
6YZ0sc,Nan,Viegas,Female,4,Argentina,Lyon Saint-Exupéry Airport,FR,France,2021-01-29,LYS,1,737819
DhjRmO,Reilly,Smeaton,Male,85,Ukraine,Treviso-Sant'Angelo Airport,IT,Italy,2021-01-30,TSF,2,737820
FdogmK,Fernande,Bank,Female,7,Spain,Gothenburg City Airport,SE,Sweden,2021-01-31,GSE,8,737821
jkLRZu,Cello,McKay,Male,89,Indonesia,Częstochowa-Rudniki,PL,Poland,2021-02-01,CZW,1,737822
iNZAdV,Yardley,Dudenie,Male,84,Thailand,Châlons-Vatry Airport,FR,France,2021-02-02,XCR,1,737823
LdH96y,Alasteir,Champniss,Male,84,Bangladesh,Sundsvall-Härnösand Airport,SE,Sweden,2021-02-03,SDL,2,737824
NQEEO3,Petronella,Haselgrove,Female,3,Afghanistan,Kefallinia Airport,GR,Greece,2021-02-04,EFL,2,737825
p1slGO,Karry,Savill,Female,88,Iran,Donaueschingen-Villingen Airport,DE,Germany,2021-02-05,ZQL,2,737826
RkUpjh,Caria,Leisk,Female,9,Tanzania,Grenchen Airport,CH,Switzerland,2021-02-05,ZHI,2,737826
5hQRet,Eugine,Ferron,Female,74,South Africa,Sundsvall-Härnösand Airport,SE,Sweden,2021-02-06,SDL,1,737827
cJryCD,Chadwick,Shailer,Male,21,Ukraine,Söderhamn Airport,SE,Sweden,2021-02-06,SOO,2,737827
yvEhos,Dione,Bream,Female,86,China,Varkaus Airport,FI,Finland,2021-02-06,VRK,1,737827
A05HcN,Pet,Caulliere,Female,84,Brazil,Copernicus Wrocław Airport,PL,Poland,2021-02-07,WRO,4,737828
cY7JMd,Sigfried,Nossent,Male,86,Canada,Częstochowa-Rudniki,PL,Poland,2021-02-08,CZW,1,737829
FtcPRf,Forster,Elloway,Male,86,Mongolia,Augsburg Airport,DE,Germany,2021-02-08,AGB,7,737829
bdkA3L,Rory,Frost,Male,90,Ukraine,Lleida-Alguaire Airport,ES,Spain,2021-02-09,ILD,3,737830
Zb3Iwe,Arlen,Bosnell,Male,50,Albania,Avignon-Caumont Airport,FR,France,2021-02-10,AVN,1,737831
xg3ro7,Bram,Stannah,Male,10,Venezuela,Přerov Air Base,CZ,Czechia,2021-02-11,PRV,2,737832
yXmYv5,Nikolos,Benedit,Male,1,Afghanistan,Hamburg-Finkenwerder Airport,DE,Germany,2021-02-13,XFW,25,737834
2pUCcg,Tymothy,Passo,Male,6,Russia,Trondheim Airport Værnes,NO,Norway,2021-02-14,TRD,2,737835
p2QdYu,Bernie,Lydiate,Female,85,Czech Republic,Gdańsk Lech Wałęsa Airport,PL,Poland,2021-02-15,GDN,1,737836
cbGQ8E,George,Harris,Male,64,Ukraine,Varrelbusch Airport,DE,Germany,2021-02-17,VAC,1,737838
AZns9o,Ade,Drew-Clifton,Male,85,Thailand,Turku Airport,FI,Finland,2021-02-18,TKU,1,737839
yXmYv5,Nikolos,Benedit,Male,1,Afghanistan,Hamburg-Finkenwerder Airport,DE,Germany,2021-02-18,XFW,25,737839
fQt4Mi,Lem,Seagrove,Male,4,Russia,Lidköping-Hovby Airport,SE,Sweden,2021-02-18,LDK,1,737839
cZ9uJm,Brendis,Kilgallon,Male,26,United States,Graz Airport,AT,Austria,2021-02-19,GRZ,2,737840
4qjsjw,Falito,Twiggins,Male,90,Sweden,Jyvaskyla Airport,FI,Finland,2021-02-19,JYV,1,737840
B3veEd,Elwyn,Wickwar,Male,85,United States,Cottbus-Drewitz Airport,DE,Germany,2021-02-20,CBU,2,737841
ksiHdx,Bridget,Episcopi,Female,68,Poland,Lemwerder Airport,DE,Germany,2021-02-22,XLW,2,737843
SWh3ga,Obie,Kirsch,Male,84,Tanzania,Klaipėda Airport,LT,Lithuania,2021-02-22,KLJ,2,737843
ZE7IB5,Diannne,Samter,Female,73,Cameroon,Vadsø Airport,NO,Norway,2021-02-22,VDS,2,737843
84637t,Zabrina,Edney,Female,89,Venezuela,Stockholm Västerås Airport,SE,Sweden,2021-02-24,VST,28,737845
CGG2I8,Francklyn,Lujan,Male,3,Ukraine,Geilenkirchen Air Base,DE,Germany,2021-02-24,GKE,1,737845
i581KZ,Bellanca,Nutbean,Female,4,France,Alverca Air Base,PT,Portugal,2021-02-25,AVR,2,737846
i9D2Ty,Nicolette,O'Leagham,Female,70,Portugal,Visby Airport,SE,Sweden,2021-02-25,VBY,1,737846
X8Y02U,Ailbert,Prestney,Male,71,Czech Republic,"Vardø Airport, Svartnes",NO,Norway,2021-02-27,VAW,2,737848
zVNaIj,Cookie,Featonby,Female,11,Brazil,Zaragoza Air Base,ES,Spain,2021-02-27,ZAZ,2,737848
TQ7exi,Alissa,Liggens,Female,33,Brazil,Aerodromo Goncalves Lobato (Viseu Airport),PT,Portugal,2021-02-28,VSE,2,737849
Km4mBW,Ruperto,Behn,Male,8,Poland,Brindisi – Salento Airport,IT,Italy,2021-03-01,BDS,3,737850
5yQ5L7,Vin,Legerwood,Female,49,Zambia,Vigo Airport,ES,Spain,2021-03-01,VGO,2,737850
Br62NV,Corny,Husk,Male,71,Yemen,Interlaken Air Base,CH,Switzerland,2021-03-01,ZIN,42,737850
bdkA3L,Rory,Frost,Male,90,Ukraine,Lorient South Brittany (Bretagne Sud) Airport,FR,France,2021-03-03,LRT,3,737852
phaRYG,Nora,Blaw,Female,89,Portugal,Tortolì Airport,IT,Italy,2021-03-03,TTB,1,737852
ISiadN,Wilfrid,Gerger,Male,1,United States,Stuttgart Airport,DE,Germany,2021-03-04,STR,10,737853
FyDgLy,Kin,Kepling,Male,48,Brazil,Aerodromo Goncalves Lobato (Viseu Airport),PT,Portugal,2021-03-04,VSE,1,737853
R8k4ST,Herrick,Sanchis,Male,57,Colombia,Torsby Airport,SE,Sweden,2021-03-05,TYF,1,737854
FtcPRf,Forster,Elloway,Male,86,Mongolia,Augsburg Airport,DE,Germany,2021-03-05,AGB,7,737854
nZYEt0,Dominique,O'Kerin,Male,12,Japan,Antwerp International Airport (Deurne),BE,Belgium,2021-03-06,ANR,1,737855
4y3e8H,Sasha,Meijer,Male,29,Afghanistan,Baltrum Airport,DE,Germany,2021-03-06,BMR,3,737855
6X9Qgq,Tatiana,Matashkin,Female,81,New Zealand,"Zakynthos International Airport ""Dionysios Solomos""",GR,Greece,2021-03-06,ZTH,1,737855
6GZZJi,Blisse,Wagstaff,Female,20,China,Interlaken Air Base,CH,Switzerland,2021-03-06,ZIN,3,737855
77lavi,Tamar,Rushford,Female,2,Azerbaijan,Périgueux-Bassillac Airport,FR,France,2021-03-06,PGX,1,737855
ROqVLB,Merola,Bartolommeo,Female,13,Afghanistan,Interlaken Air Base,CH,Switzerland,2021-03-07,ZIN,44,737856
curwJb,Jesse,Gascard,Male,3,Russia,Västervik Airport,SE,Sweden,2021-03-08,VVK,3,737857
lXP0V0,Rosabella,Feild,Female,25,Uzbekistan,Zabreh Ostrava Airport,CZ,Czechia,2021-03-09,ZBE,2,737858
DWkzi6,Damaris,Runcieman,Female,2,Argentina,Thessaloniki Macedonia International Airport,GR,Greece,2021-03-10,SKG,3,737859
E5a9MT,Flossi,Surgen,Female,7,Palestinian Territory,Stockholm Västerås Airport,SE,Sweden,2021-03-10,VST,1,737859
kFkWWn,Dudley,Pifford,Male,90,Bosnia and Herzegovina,Leknes Airport,NO,Norway,2021-03-11,LKN,3,737860
DUgiYz,Miles,Sarre,Male,7,Portugal,Locarno Airport,CH,Switzerland,2021-03-12,ZJI,12,737861
yHNXfa,Hasheem,Hazlehurst,Male,44,Vietnam,Kiruna Airport,SE,Sweden,2021-03-12,KRN,2,737861
XMozKl,Dennie,MacDermid,Female,81,Albania,Bergen Airport Flesland,NO,Norway,2021-03-13,BGO,8,737862
lwkWUi,Charline,Pavlik,Female,23,Vietnam,Kalmar Airport,SE,Sweden,2021-03-16,KLR,2,737865
EGtvXH,Vevay,Bartolomeoni,Female,17,Argentina,Ronneby Airport,SE,Sweden,2021-03-18,RNB,1,737867
J1YMft,Aloysius,Bransgrove,Male,5,Thailand,Ajaccio-Napoléon Bonaparte Airport,FR,France,2021-03-19,AJA,2,737868
BuWtxB,Clem,Prebble,Female,57,United States,Radom Airport,PL,Poland,2021-03-19,RDO,1,737868
V0CrjT,Nancie,Bosworth,Female,82,Venezuela,Kalmar Airport,SE,Sweden,2021-03-21,KLR,1,737870
kdEg0T,Olenolin,Domenichelli,Male,89,Afghanistan,Norðfjörður Airport,IS,Iceland,2021-03-22,NOR,1,737871
7RQ4Dv,Lolly,Plaschke,Female,20,Argentina,Ålesund Airport,NO,Norway,2021-03-22,AES,1,737871
hIwKOe,Marc,Sterrie,Male,26,Myanmar,Zürich Airport,CH,Switzerland,2021-03-26,ZRH,3,737875
BwpSth,Kynthia,Aggio,Female,81,Thailand,Verona Villafranca Airport,IT,Italy,2021-03-26,VRN,3,737875
liVBun,Durand,Sacco,Male,3,Zambia,Narvik Framnes Airport,NO,Norway,2021-03-29,NVK,8,737878
fYe705,Ingram,Prewer,Male,88,Afghanistan,Algeciras Heliport,ES,Spain,2021-03-30,AEI,48,737879
eLfTCg,Roxanne,Tootal,Female,25,Brazil,Zürich Airport,CH,Switzerland,2021-03-31,ZRH,2,737880
XriLoT,Aura,Turnpenny,Female,8,Russia,Cascais Airport,PT,Portugal,2021-03-31,CAT,1,737880
rCyGho,Gerrard,Stammler,Male,89,Vietnam,Cologne Bonn Airport,DE,Germany,2021-03-31,CGN,9,737880
S7zrJR,Taite,Wixey,Male,80,United States,Førde Airport,NO,Norway,2021-04-01,FDE,2,737881
M2VO0c,Donal,Stops,Male,83,Colombia,Ascona Airport,CH,Switzerland,2021-04-10,ACO,8,737890
IaiSvH,Davon,Clewer,Male,90,Nigeria,Olomouc-Neředín Airport,CZ,Czechia,2021-04-11,OLO,3,737891
q04YM6,Arden,Skyme,Female,73,Czech Republic,Vienna International Airport,AT,Austria,2021-04-12,VIE,1,737892
05Xn0x,Carmelia,Veale,Female,82,Indonesia,Vilhelmina Airport,SE,Sweden,2021-04-13,VHM,1,737893
egzO85,Pail,Watford,Male,68,United States,"Sandefjord Airport, Torp",NO,Norway,2021-04-15,TRF,2,737895
7cNYkJ,Pepe,Aronovitz,Male,87,Bulgaria,"Harstad/Narvik Airport, Evenes",NO,Norway,2021-04-15,EVE,3,737895
VS4p3A,Monti,Bramley,Male,70,China,Alverca Air Base,PT,Portugal,2021-04-16,AVR,1,737896
tCxIAu,Deeanne,Froschauer,Female,76,Poland,Vienna International Airport,AT,Austria,2021-04-17,VIE,10,737897
KWjjY2,Aurie,Boules,Female,75,Vietnam,Vilhelmina Airport,SE,Sweden,2021-04-18,VHM,30,737898
nbIz1y,Royce,Skelcher,Male,51,Thailand,Salzburg Airport,AT,Austria,2021-04-19,SZG,2,737899
VukrqZ,Kirstin,Howlin,Female,4,France,Alverca Air Base,PT,Portugal,2021-04-21,AVR,1,737901
AV3N4m,Haily,Banister,Female,12,Venezuela,RAF Wildenrath,DE,Germany,2021-04-23,WID,4,737903
GinJ1Z,Ulises,Pearl,Male,86,United States,Locarno Airport,CH,Switzerland,2021-04-24,ZJI,9,737904
osA8ik,Mary,Shoveller,Female,12,Ukraine,Alverca Air Base,PT,Portugal,2021-04-27,AVR,6,737907
doCxrt,Jay,Lindwall,Male,1,Brazil,Lycksele Airport,SE,Sweden,2021-04-28,LYC,1,737908
UcG4PS,Harry,Fearnyhough,Male,72,Lebanon,Woensdrecht Air Base,NL,Netherlands,2021-04-29,WOE,1,737909
Oq7wZh,Angelita,Heis,Female,90,Nigeria,Locarno Airport,CH,Switzerland,2021-05-01,ZJI,43,737911
GinJ1Z,Ulises,Pearl,Male,86,United States,Locarno Airport,CH,Switzerland,2021-05-02,ZJI,9,737912
JYJJg7,Nikos,Chuck,Male,5,United States,Zabreh Ostrava Airport,CZ,Czechia,2021-05-04,ZBE,41,737914
vWabSo,Heriberto,Weatherell,Male,73,Ukraine,Innsbruck Airport,AT,Austria,2021-05-05,INN,10,737915
vRKeDh,Dolli,Lounds,Female,69,Sweden,Lučenec Airport,SK,Slovakia,2021-05-05,LUE,1,737915
fYe705,Ingram,Prewer,Male,88,Afghanistan,Algeciras Heliport,ES,Spain,2021-05-06,AEI,48,737916
CgWkbN,Abran,Tarbett,Male,7,China,Brussels Airport,BE,Belgium,2021-05-08,BRU,3,737918
MH1N3M,Lock,Voisey,Male,66,Yemen,"Svalbard Airport, Longyear",NO,Norway,2021-05-08,LYR,2,737918
fYe705,Ingram,Prewer,Male,88,Afghanistan,Algeciras Heliport,ES,Spain,2021-05-08,AEI,48,737918
Mg5ry5,Job,Osgerby,Male,80,Venezuela,Biała Podlaska Airfield,PL,Poland,2021-05-11,BXP,1,737921
9eifZY,Carmelle,Butson,Female,87,Brazil,Skien Airport,NO,Norway,2021-05-12,SKE,3,737922
qj6ZX0,Halsey,Tiffney,Male,13,Zambia,Torsby Airport,SE,Sweden,2021-05-13,TYF,9,737923
oMChBl,Conroy,Gibbieson,Male,90,Ukraine,Lucca-Tassignano Airport,IT,Italy,2021-05-13,LCV,2,737923
QKxofm,Felizio,Moubray,Male,82,United States,Gällivare Airport,SE,Sweden,2021-05-14,GEV,1,737924
gf3i3f,Portie,Lennon,Male,75,Afghanistan,Berlin-Tegel Airport,DE,Germany,2021-05-14,TXL,2,737924
fYe705,Ingram,Prewer,Male,88,Afghanistan,Algeciras Heliport,ES,Spain,2021-05-18,AEI,48,737928
TTc6P6,Ignace,Griggs,Male,14,United States,Flores Airport,PT,Portugal,2021-05-18,FLW,3,737928
k9EB7T,Clem,Gellert,Male,9,United States,Vienna International Airport,AT,Austria,2021-05-18,VIE,7,737928
hat9AS,Silvester,Pask,Male,22,Vietnam,Kalmar Airport,SE,Sweden,2021-05-20,KLR,3,737930
eb4QNH,Welbie,Kennaway,Male,69,Yemen,Radom Airport,PL,Poland,2021-05-24,RDO,2,737934
qzC2z3,Gabi,Beal,Male,82,Venezuela,Lista Airport,NO,Norway,2021-05-29,FAN,3,737939
JBPrUk,Holt,Gittose,Male,5,Serbia,Vienna International Airport,AT,Austria,2021-05-31,VIE,9,737941
TTc6P6,Ignace,Griggs,Male,14,United States,Maastricht Aachen Airport,NL,Netherlands,2021-06-07,MST,3,737948
9wXctb,Rustie,Jouhandeau,Male,10,United States,Hamburg-Finkenwerder Airport,DE,Germany,2021-06-10,XFW,16,737951
iNtW9X,Karin,Mertgen,Female,64,Ukraine,Söderhamn Airport,SE,Sweden,2021-06-10,SOO,2,737951
gfSAyD,Delainey,Crosthwaite,Male,78,Vietnam,Sandnessjøen Airport (Stokka),NO,Norway,2021-06-13,SSJ,1,737954
fYe705,Ingram,Prewer,Male,88,Afghanistan,Algeciras Heliport,ES,Spain,2021-06-16,AEI,48,737957
rRNof3,Woodrow,Verson,Male,4,Paraguay,Visby Airport,SE,Sweden,2021-06-18,VBY,3,737959
yNIIJG,Lezlie,Rubens,Female,30,United States,"Sandefjord Airport, Torp",NO,Norway,2021-06-19,TRF,2,737960
lRNAir,Sonni,Laskey,Female,87,Poland,Zabreh Ostrava Airport,CZ,Czechia,2021-06-20,ZBE,1,737961
fYe705,Ingram,Prewer,Male,88,Afghanistan,Siegerland Airport,DE,Germany,2021-06-20,SGE,48,737961
iSHKfY,Morlee,Schoales,Male,1,Belarus,Flores Airport,PT,Portugal,2021-06-23,FLW,2,737964
9K7Xj3,Jarrett,Stannis,Male,88,Tajikistan,Augsburg Airport,DE,Germany,2021-06-25,AGB,3,737966
iWf308,Nerti,Drew,Female,82,Philippines,Umeå Airport,SE,Sweden,2021-06-25,UME,1,737966
RDPYd8,Woodrow,Elcoat,Male,88,Russia,Örnsköldsvik Airport,SE,Sweden,2021-06-28,OER,3,737969
TWDk7S,Lowell,Flode,Male,4,Albania,"Rørvik Airport, Ryum",NO,Norway,2021-06-28,RVK,1,737969
kr4xd0,Julio,Goulter,Male,77,Venezuela,Villanova D'Albenga International Airport,IT,Italy,2021-06-28,ALL,2,737969
jiyfnW,Carlye,O' Sullivan,Female,45,Vietnam,Zaragoza Air Base,ES,Spain,2021-06-29,ZAZ,2,737970
NnHLgf,Sandy,Juanes,Male,37,Costa Rica,Interlaken Air Base,CH,Switzerland,2021-06-30,ZIN,1,737971
RZeESU,Valentine,Main,Female,43,Armenia,Visby Airport,SE,Sweden,2021-07-09,VBY,1,737980
brKCJj,Edvard,Hyder,Male,40,Zimbabwe,Malmö Sturup Airport,SE,Sweden,2021-07-10,MMX,2,737981
KlqUnc,Zachery,Liepmann,Male,84,United States,Corvo Airport,PT,Portugal,2021-07-11,CVU,1,737982
TQVZRp,Bale,Temprell,Male,4,Russia,Ängelholm-Helsingborg Airport,SE,Sweden,2021-07-13,AGH,2,737984
ZMAsd9,Chrystel,Starsmeare,Female,3,Guinea-Bissau,Woensdrecht Air Base,NL,Netherlands,2021-07-14,WOE,2,737985
s4jtzD,Leontyne,Crichton,Female,57,Vietnam,Interlaken Air Base,CH,Switzerland,2021-07-14,ZIN,8,737985
pc8Rms,Carol-jean,Rawstron,Female,5,Thailand,Vigo Airport,ES,Spain,2021-07-17,VGO,2,737988
GVqYWm,Stavro,Buckhurst,Male,37,Argentina,Antwerp International Airport (Deurne),BE,Belgium,2021-07-20,ANR,1,737991
NXHnyp,Denney,Karpf,Male,2,Brazil,Ängelholm-Helsingborg Airport,SE,Sweden,2021-07-25,AGH,2,737996
XHwOWQ,Claire,Brech,Female,10,United States,Modlin Airport,PL,Poland,2021-08-01,WMI,15,738003
ME6wp8,Bethany,Tapp,Female,39,Albania,Vilhelmina Airport,SE,Sweden,2021-08-04,VHM,1,738006
hK86SY,Dame,Monni,Male,77,Venezuela,Gävle Sandviken Airport,SE,Sweden,2021-08-04,GVX,2,738006
4k16j2,Carlota,Shafier,Female,76,Bolivia,Vilhelmina Airport,SE,Sweden,2021-08-06,VHM,1,738008
sCXpFz,Gayleen,Paslow,Female,20,Venezuela,Donaueschingen-Villingen Airport,DE,Germany,2021-08-07,ZQL,3,738009
Nasxcd,Karoline,Owthwaite,Female,4,Thailand,Værøy Heliport,NO,Norway,2021-08-09,VRY,2,738011
0as90K,Natale,Keilty,Male,3,United States,Lausanne-Blécherette Airport,CH,Switzerland,2021-08-09,QLS,4,738011
SWh3ga,Obie,Kirsch,Male,84,Tanzania,Rzeszów-Jasionka Airport,PL,Poland,2021-08-14,RZE,2,738016
8zT2Kj,Leah,Haquin,Female,7,Colombia,Celle Airport,DE,Germany,2021-08-15,ZCN,3,738017
VhLChJ,Reynard,Gaskall,Male,12,Spain,Bardufoss Airport,NO,Norway,2021-08-24,BDU,1,738026
HrALoa,Conrade,MacTeggart,Male,90,Ukraine,Turin Airport,IT,Italy,2021-08-25,TRN,1,738027
lwkWUi,Charline,Pavlik,Female,23,Vietnam,Koszalin Zegrze Pomorskie Air Base,PL,Poland,2021-08-29,OSZ,2,738031
F7XVvn,Boony,Kitteman,Male,37,Ukraine,Stockholm-Arlanda Airport,SE,Sweden,2021-08-29,ARN,1,738031
sYpxWE,Danila,Busk,Female,8,Sweden,São Jorge Airport,PT,Portugal,2021-09-06,SJZ,3,738039
WOmosA,Rosabel,Izchaki,Female,80,Portugal,Copernicus Wrocław Airport,PL,Poland,2021-09-10,WRO,3,738043
z2OKbn,Katlin,Bristo,Female,88,China,Antwerp International Airport (Deurne),BE,Belgium,2021-09-13,ANR,3,738046
IhFjay,Merl,Joy,Female,84,South Korea,Ronneby Airport,SE,Sweden,2021-09-16,RNB,1,738049
liVBun,Durand,Sacco,Male,3,Zambia,Hierro Airport,ES,Spain,2021-09-17,VDE,8,738050
K4rROW,Kayley,Harteley,Female,1,China,Stockholm Västerås Airport,SE,Sweden,2021-09-17,VST,1,738050
U3CiiS,Redd,Beckford,Male,87,United States,Leirin Airport,NO,Norway,2021-09-18,VDB,8,738051
fYe705,Ingram,Prewer,Male,88,Afghanistan,Sines Airport,PT,Portugal,2021-09-18,SIE,48,738051
UUTSqc,Cosimo,Zink,Male,88,Brazil,Beja Airport / Airbase,PT,Portugal,2021-09-22,BYJ,2,738055
6ULszD,Eugene,Caudelier,Male,1,Russia,Sundsvall-Härnösand Airport,SE,Sweden,2021-09-22,SDL,2,738055
xM7Dzk,Kirsteni,Croce,Female,88,Belarus,Stockholm-Arlanda Airport,SE,Sweden,2021-09-22,ARN,1,738055
ualttb,Raven,Altoft,Female,3,China,Trollhättan-Vänersborg Airport,SE,Sweden,2021-09-23,THN,1,738056
wfT9bp,Audry,Howson,Female,34,Indonesia,Interlaken Air Base,CH,Switzerland,2021-09-28,ZIN,1,738061
VcZJHf,Evan,Vasilchenko,Male,78,Sweden,Modlin Airport,PL,Poland,2021-10-05,WMI,1,738068
OLvlwA,Price,Wyrill,Male,9,Iran,Interlaken Air Base,CH,Switzerland,2021-10-07,ZIN,1,738070
gaaSFI,Leeland,Lydster,Male,89,Ukraine,Tromsø Airport,NO,Norway,2021-10-08,TOS,1,738071
VtVwZd,Fayette,Hindge,Female,85,Myanmar,Locarno Airport,CH,Switzerland,2021-10-08,ZJI,3,738071
cJryCD,Chadwick,Shailer,Male,21,Ukraine,Söderhamn Airport,SE,Sweden,2021-10-08,SOO,2,738071
m5oPqc,Joyous,Stitson,Female,83,Poland,Sliač Airport,SK,Slovakia,2021-10-10,SLD,1,738073
qj6ZX0,Halsey,Tiffney,Male,13,Zambia,Wangerooge Airport,DE,Germany,2021-10-12,AGE,9,738075
z2OKbn,Katlin,Bristo,Female,88,China,Antwerp International Airport (Deurne),BE,Belgium,2021-10-14,ANR,3,738077
T57ZYC,Rosanne,Reglar,Female,13,Sweden,Donaueschingen-Villingen Airport,DE,Germany,2021-10-14,ZQL,2,738077
NLA9yX,Bryanty,Gregr,Male,1,Afghanistan,Emmen Air Base,CH,Switzerland,2021-10-14,EML,2,738077
7erFvQ,Netty,Alderwick,Female,43,Uganda,Celle Airport,DE,Germany,2021-10-17,ZCN,1,738080
Cr3aJy,Em,Kamienski,Female,26,Ukraine,Kunovice Airport,CZ,Czechia,2021-10-22,UHE,1,738085
R5HHQq,Dorisa,Emer,Female,59,Thailand,Værøy Heliport,NO,Norway,2021-10-23,VRY,1,738086
qgNST3,Cort,de Lloyd,Male,82,Thailand,Graz Airport,AT,Austria,2021-10-25,GRZ,7,738088
7ipocn,Annetta,Stiffkins,Female,3,Venezuela,Trieste–Friuli Venezia Giulia Airport,IT,Italy,2021-10-29,TRS,1,738092
U3CiiS,Redd,Beckford,Male,87,United States,Leirin Airport,NO,Norway,2021-10-31,VDB,8,738094
ywmhZy,Ferne,Ciccottio,Female,4,United States,Wyk auf Föhr Airport,DE,Germany,2021-11-03,OHR,1,738097
hvfdiv,Weylin,Depka,Male,10,Vietnam,Vila Real Airport,PT,Portugal,2021-11-06,VRL,10,738100
U7TWhh,Helga,Meconi,Female,18,Uganda,Umeå Airport,SE,Sweden,2021-11-12,UME,2,738106
7cNYkJ,Pepe,Aronovitz,Male,87,Bulgaria,Charleville-Mézières Airport,FR,France,2021-11-15,XCZ,3,738109
yxgcW2,Demetris,Mitkin,Female,2,Poland,Orange-Caritat (BA 115) Air Base,FR,France,2021-11-15,XOG,3,738109
opktmb,Montgomery,Mc Grath,Male,4,Sweden,Bonn-Hangelar Airport,DE,Germany,2021-11-16,BNJ,1,738110
S7zrJR,Taite,Wixey,Male,80,United States,Tromsø Airport,NO,Norway,2021-11-17,TOS,2,738111
ViISfh,Elia,Pursey,Male,3,Tanzania,Gdańsk Lech Wałęsa Airport,PL,Poland,2021-11-17,GDN,1,738111
rrLmV5,Alida,Harte,Female,2,Armenia,Rzeszów-Jasionka Airport,PL,Poland,2021-11-17,RZE,3,738111
dnek9S,Samuele,Cops,Male,58,Sweden,Locarno Airport,CH,Switzerland,2021-11-21,ZJI,3,738115
z4uKVq,Nero,Hickeringill,Male,1,Ukraine,Paderborn Lippstadt Airport,DE,Germany,2021-11-22,PAD,1,738116
SAA64e,Gerladina,Bohey,Female,6,Yemen,Berlevåg Airport,NO,Norway,2021-11-27,BVG,14,738121
rn8sK9,Bron,Hawket,Male,4,Thailand,Warsaw Chopin Airport,PL,Poland,2021-12-03,WAW,19,738127
FSPihj,Addi,Whiting,Female,62,American Samoa,Zabreh Ostrava Airport,CZ,Czechia,2021-12-06,ZBE,48,738130
CvgqjL,Arron,Fontenot,Male,84,Chile,Stockholm-Bromma Airport,SE,Sweden,2021-12-07,BMA,2,738131
IlUSAp,Dewain,Loveless,Male,20,Syria,Lučenec Airport,SK,Slovakia,2021-12-10,LUE,3,738134
HGeQF7,Merrick,Armand,Male,88,Argentina,Corvo Airport,PT,Portugal,2021-12-11,CVU,1,738135
zuG5mO,Lexi,Bridywater,Female,61,Zambia,Halmstad Airport,SE,Sweden,2021-12-15,HAD,1,738139
VKMzAN,Cory,Luckham,Male,19,Azerbaijan,Zabreh Ostrava Airport,CZ,Czechia,2021-12-16,ZBE,3,738140
Ssyqnv,Rosa,Leaming,Female,90,China,"Magdeburg ""City"" Airport",DE,Germany,2021-12-22,ZMG,3,738146
aCoA9W,Vance,Habbeshaw,Male,2,Philippines,Ängelholm-Helsingborg Airport,SE,Sweden,2021-12-31,AGH,49,738155
WOmosA,Rosabel,Izchaki,Female,80,Portugal,Copernicus Wrocław Airport,PL,Poland,2022-01-04,WRO,3,738159
kow3M1,Letizia,Bowman,Female,60,Vietnam,Bragança Airport,PT,Portugal,2022-01-05,BGC,3,738160
oEqlg3,Merl,Pedersen,Female,84,United States,Aerodromo de Chaves,PT,Portugal,2022-01-06,CHV,1,738161
yO0FTQ,Rowan,Aslie,Male,3,Russia,Donaueschingen-Villingen Airport,DE,Germany,2022-01-10,ZQL,2,738165
R7lvcn,Saloma,Binding,Female,1,Sweden,Spangdahlem Air Base,DE,Germany,2022-01-12,SPM,1,738167
rCyGho,Gerrard,Stammler,Male,89,Vietnam,Sandnessjøen Airport (Stokka),NO,Norway,2022-01-14,SSJ,9,738169
I9DOJo,Binky,De Michetti,Male,88,China,Sandnessjøen Airport (Stokka),NO,Norway,2022-01-16,SSJ,1,738171
4SNW99,Lou,Harries,Male,10,Vietnam,Vienna International Airport,AT,Austria,2022-01-17,VIE,25,738172
ssHc63,Anstice,Lendrem,Female,23,Argentina,Visby Airport,SE,Sweden,2022-01-20,VBY,1,738175
s6pX56,Woody,Robbe,Male,10,Vietnam,Sandane Airport (Anda),NO,Norway,2022-01-21,SDN,1,738176
KpIQDn,Lombard,Haskayne,Male,7,Thailand,Valencia Airport,ES,Spain,2022-01-22,VLC,1,738177
35BTK3,Toma,Wickins,Female,23,Vietnam,Varrelbusch Airport,DE,Germany,2022-01-26,VAC,2,738181
YZaqZF,Dell,Kilfeder,Male,1,China,Aerodromo Goncalves Lobato (Viseu Airport),PT,Portugal,2022-01-29,VSE,1,738184
k9EB7T,Clem,Gellert,Male,9,United States,Vienna International Airport,AT,Austria,2022-02-12,VIE,7,738198
Osk3Kt,Thomas,Skains,Male,35,United States,Interlaken Air Base,CH,Switzerland,2022-02-14,ZIN,2,738200
3ZLApU,Jordon,Camoletto,Male,16,Ukraine,Donaueschingen-Villingen Airport,DE,Germany,2022-02-15,ZQL,1,738201
4aTAFE,Sterling,Dodswell,Male,89,Azerbaijan,Gävle Sandviken Airport,SE,Sweden,2022-02-16,GVX,2,738202
2MybB5,Manda,Hallad,Female,68,Vietnam,Interlaken Air Base,CH,Switzerland,2022-02-18,ZIN,1,738204
liVBun,Durand,Sacco,Male,3,Zambia,Narvik Framnes Airport,NO,Norway,2022-02-18,NVK,8,738204
72k1AU,Jori,Lipscomb,Female,13,Vietnam,Linköping City Airport,SE,Sweden,2022-02-23,LPI,1,738209
vaZJL8,Ailbert,Worner,Male,90,Bulgaria,Stockholm Skavsta Airport,SE,Sweden,2022-02-24,NYO,2,738210
SwS7J8,Louisette,Newis,Female,79,Poland,Copernicus Wrocław Airport,PL,Poland,2022-02-25,WRO,2,738211
Hyah6i,Edwin,Iddenden,Male,84,Armenia,Locarno Airport,CH,Switzerland,2022-02-27,ZJI,1,738213
lhZjvh,Jacob,Yuryshev,Male,1,United States,Lausanne-Blécherette Airport,CH,Switzerland,2022-03-01,QLS,3,738215
lH05IF,Alvina,Dillamore,Female,88,Sweden,Graz Airport,AT,Austria,2022-03-08,GRZ,3,738222
qj6ZX0,Halsey,Tiffney,Male,13,Zambia,RAF Wildenrath,DE,Germany,2022-03-09,WID,9,738223
tRreez,Gerianne,Linster,Female,45,Albania,Modlin Airport,PL,Poland,2022-03-10,WMI,1,738224
FuJxrN,Danya,Chiese,Female,89,United States,Aarhus Airport,DK,Denmark,2022-03-18,AAR,3,738232
1AwYcL,Kingston,Weeke,Male,86,Ecuador,Zürich Airport,CH,Switzerland,2022-03-23,ZRH,2,738237
fYe705,Ingram,Prewer,Male,88,Afghanistan,Hierro Airport,ES,Spain,2022-03-31,VDE,48,738245
yX1WUe,Hubey,Hannay,Male,13,Zambia,Monte Real Air Base,PT,Portugal,2022-04-01,QLR,2,738246
L7cBDY,Chloette,Babon,Female,80,China,Locarno Airport,CH,Switzerland,2022-04-04,ZJI,1,738249
fYe705,Ingram,Prewer,Male,88,Afghanistan,Taszár Air Base,HU,Hungary,2022-04-10,TZR,48,738255
rCyGho,Gerrard,Stammler,Male,89,Vietnam,San Domino Island Heliport,IT,Italy,2022-05-01,TQR,9,738276
JXlIsl,Morganne,Claibourn,Female,22,Ukraine,Bragança Airport,PT,Portugal,2022-05-02,BGC,1,738277
91Lovz,Winne,Drewe,Female,87,Afghanistan,Locarno Airport,CH,Switzerland,2022-05-05,ZJI,24,738280
J1YMft,Aloysius,Bransgrove,Male,5,Thailand,Brussels Airport,BE,Belgium,2022-05-13,BRU,2,738288
vStVjt,Beryl,Look,Female,3,Thailand,Bragança Airport,PT,Portugal,2022-05-14,BGC,2,738289
3AX5CH,Dasya,Shapiro,Female,1,China,Ylivieska Airfield,FI,Finland,2022-05-19,YLI,1,738294
aA5Iuz,Dynah,Marcroft,Female,10,Ukraine,Valence-Chabeuil Airport,FR,France,2022-05-25,VAF,1,738300
JqAvRw,Phillipe,Chaise,Male,85,Andorra,Hemavan Airport,SE,Sweden,2022-05-26,HMV,1,738301
s6VU5u,Bernadette,Choake,Female,42,Yemen,Aerodromo Goncalves Lobato (Viseu Airport),PT,Portugal,2022-05-28,VSE,2,738303
azxE3u,Katha,Gerg,Female,2,Sweden,Lemwerder Airport,DE,Germany,2022-05-29,XLW,2,738304
i5Wm4G,Torin,Brimilcombe,Male,8,Albania,Zweibrücken Airport,DE,Germany,2022-05-29,ZQW,1,738304
HNMX0P,Rivi,Kittles,Female,68,Argentina,Sundsvall-Härnösand Airport,SE,Sweden,2022-06-06,SDL,1,738312
ft2gbb,Francois,Daulby,Male,86,United Kingdom,"Szczecin-Goleniów ""Solidarność"" Airport",PL,Poland,2022-06-19,SZZ,2,738325
RDPYd8,Woodrow,Elcoat,Male,88,Russia,Örnsköldsvik Airport,SE,Sweden,2022-06-26,OER,3,738332
U3CiiS,Redd,Beckford,Male,87,United States,Leirin Airport,NO,Norway,2022-07-03,VDB,8,738339
37tSpo,Geordie,Kauschke,Male,61,Yemen,Ventspils International Airport,LV,Latvia,2022-07-05,VNT,2,738341
s6VU5u,Bernadette,Choake,Female,42,Yemen,Aerodromo Goncalves Lobato (Viseu Airport),PT,Portugal,2022-07-06,VSE,2,738342
krp68m,Sofia,Gaymar,Female,72,Ukraine,Stockholm-Arlanda Airport,SE,Sweden,2022-07-12,ARN,1,738348
CqTXOF,Kurt,Adrianello,Male,29,Ukraine,Interlaken Air Base,CH,Switzerland,2022-07-12,ZIN,14,738348
o7QsEF,Dennet,Gilhoolie,Male,38,Thailand,Copernicus Wrocław Airport,PL,Poland,2022-07-18,WRO,3,738354
liVBun,Durand,Sacco,Male,3,Zambia,Narvik Framnes Airport,NO,Norway,2022-07-19,NVK,8,738355
Wco5Ls,Bryce,Nation,Male,89,Canada,Gävle Sandviken Airport,SE,Sweden,2022-07-19,GVX,1,738355
7ejolS,Tull,McCarrison,Male,85,South Africa,Locarno Airport,CH,Switzerland,2022-07-28,ZJI,2,738364
NLA9yX,Bryanty,Gregr,Male,1,Afghanistan,Emmen Air Base,CH,Switzerland,2022-08-01,EML,2,738368
2jYFWG,Gonzalo,Coulman,Male,20,Ukraine,Stockholm-Arlanda Airport,SE,Sweden,2022-08-04,ARN,1,738371
QmuMPc,Anton,Gough,Male,88,Indonesia,Interlaken Air Base,CH,Switzerland,2022-08-07,ZIN,2,738374
azxE3u,Katha,Gerg,Female,2,Sweden,Bern Belp Airport,CH,Switzerland,2022-08-11,BRN,2,738378
kHIO89,Alfred,Avieson,Male,82,Venezuela,Horta Airport,PT,Portugal,2022-08-14,HOR,1,738381
Mx8gbT,Stevie,Kleinhausen,Male,4,Argentina,Trollhättan-Vänersborg Airport,SE,Sweden,2022-08-15,THN,2,738382
qj6ZX0,Halsey,Tiffney,Male,13,Zambia,Wangerooge Airport,DE,Germany,2022-08-28,AGE,9,738395
k9EB7T,Clem,Gellert,Male,9,United States,Vienna International Airport,AT,Austria,2022-08-30,VIE,7,738397
F9qUt0,Johnath,Bresson,Female,84,Uzbekistan,Málaga Airport,ES,Spain,2022-09-10,AGP,1,738408
7qB0Cz,Gerianna,Bulpitt,Female,4,Ukraine,Quimper-Cornouaille Airport,FR,France,2022-09-15,UIP,2,738413
i5ycwN,Claiborne,Anthonsen,Male,6,China,Arvidsjaur Airport,SE,Sweden,2022-09-15,AJR,1,738413
SAA64e,Gerladina,Bohey,Female,6,Yemen,Sørkjosen Airport,NO,Norway,2022-09-15,SOJ,14,738413
4KxVcP,Kerri,Sharrard,Female,81,Thailand,Soesterberg Air Base,NL,Netherlands,2022-09-16,UTC,1,738414
0wHpqT,Billie,Dehm,Male,1,Philippines,Arvidsjaur Airport,SE,Sweden,2022-09-26,AJR,2,738424
mc9eUy,Adrien,Reggio,Male,10,Sweden,Braga Municipal Aerodrome,PT,Portugal,2022-09-27,BGZ,1,738425
CelMdb,Pennie,Newlan,Female,63,Canada,Växjö Kronoberg Airport,SE,Sweden,2022-09-29,VXO,1,738427
U3CiiS,Redd,Beckford,Male,87,United States,Leirin Airport,NO,Norway,2022-09-30,VDB,8,738428
vkzpSn,Gale,Jeaycock,Female,62,Thailand,Poprad-Tatry Airport,SK,Slovakia,2022-10-10,TAT,1,738438
3EE4A5,Dannie,Lightbourn,Female,7,United States,Warsaw Chopin Airport,PL,Poland,2022-10-12,WAW,9,738440
8r9JsJ,Pedro,Pragnall,Male,3,Comoros,Interlaken Air Base,CH,Switzerland,2022-10-13,ZIN,1,738441
8q1HjC,Prue,Orcott,Female,20,Yemen,Vopnafjörður Airport,IS,Iceland,2022-10-17,VPN,1,738445
qj6ZX0,Halsey,Tiffney,Male,13,Zambia,Ascona Airport,CH,Switzerland,2022-10-17,ACO,9,738445
0Cacm4,Fulton,Chesworth,Male,4,Philippines,"Magdeburg ""City"" Airport",DE,Germany,2022-10-20,ZMG,2,738448
Vwvqlv,Lindsay,Heeks,Female,4,United States,M. R. Štefánik Airport,SK,Slovakia,2022-11-02,BTS,1,738461
C2FAOt,Quinta,Jewkes,Female,2,Russia,Borlange Airport,SE,Sweden,2022-11-02,BLE,2,738461
hvfdiv,Weylin,Depka,Male,10,Vietnam,Vila Real Airport,PT,Portugal,2022-11-03,VRL,10,738462
9wXctb,Rustie,Jouhandeau,Male,10,United States,Copernicus Wrocław Airport,PL,Poland,2022-11-03,WRO,16,738462
CTpOzB,Krista,Mooreed,Female,27,Yemen,Zürich Airport,CH,Switzerland,2022-11-03,ZRH,1,738462
v6Io9F,Honey,Amburgy,Female,2,Philippines,M. R. Štefánik Airport,SK,Slovakia,2022-11-04,BTS,1,738463
CNGD1L,Lynne,Nunan,Female,2,Thailand,Poznań-Ławica Airport,PL,Poland,2022-11-14,POZ,1,738473
RY9QWn,Bruis,Cubbino,Male,6,Czech Republic,Interlaken Air Base,CH,Switzerland,2022-11-15,ZIN,2,738474
sCXpFz,Gayleen,Paslow,Female,20,Venezuela,Donaueschingen-Villingen Airport,DE,Germany,2022-11-17,ZQL,3,738476
U7TWhh,Helga,Meconi,Female,18,Uganda,Växjö Kronoberg Airport,SE,Sweden,2022-11-18,VXO,2,738477
8rnQbz,Marcille,Gilluley,Female,82,China,Västervik Airport,SE,Sweden,2022-11-26,VVK,1,738485
6xwouW,Christopher,Aldhouse,Male,11,Sweden,Modlin Airport,PL,Poland,2022-11-26,WMI,6,738485
7HrqYn,Ferrell,Corden,Male,10,United States,Sines Airport,PT,Portugal,2022-11-26,SIE,1,738485
Mx8gbT,Stevie,Kleinhausen,Male,4,Argentina,Trollhättan-Vänersborg Airport,SE,Sweden,2022-12-07,THN,2,738496
RoQ4kP,Hilliary,Trevers,Female,81,Albania,Villanova D'Albenga International Airport,IT,Italy,2022-12-12,ALL,2,738501
U3CiiS,Redd,Beckford,Male,87,United States,Leirin Airport,NO,Norway,2022-12-14,VDB,8,738503
9D8fyt,Shepherd,Elwin,Male,90,Russia,Gävle Sandviken Airport,SE,Sweden,2022-12-16,GVX,2,738505
hvfdiv,Weylin,Depka,Male,10,Vietnam,Vila Real Airport,PT,Portugal,2022-12-19,VRL,10,738508
kZGRtB,Gordan,Escritt,Male,88,Indonesia,Locarno Airport,CH,Switzerland,2022-12-23,ZJI,7,738512
gFN5Fq,Quinn,Titchener,Male,89,Argentina,Corvo Airport,PT,Portugal,2023-01-02,CVU,2,738522
mt17iS,Malchy,Highwood,Male,89,Sweden,Lanzarote Airport,ES,Spain,2023-01-03,ACE,2,738523
84637t,Zabrina,Edney,Female,89,Venezuela,Arvidsjaur Airport,SE,Sweden,2023-01-05,AJR,28,738525
fYe705,Ingram,Prewer,Male,88,Afghanistan,Ronneby Airport,SE,Sweden,2023-01-06,RNB,48,738526
yXZE9C,Gabie,Stammler,Male,10,Trinidad and Tobago,Copernicus Wrocław Airport,PL,Poland,2023-01-08,WRO,1,738528
1aUpWo,Leupold,Willford,Male,21,Ukraine,Leirin Airport,NO,Norway,2023-01-09,VDB,1,738529
Xsuc3H,Marin,Perigo,Female,5,Russia,Donaueschingen-Villingen Airport,DE,Germany,2023-01-13,ZQL,2,738533
sHobkF,Benoite,Kleinbaum,Female,3,Nigeria,Piešťany Airport,SK,Slovakia,2023-01-18,PZY,1,738538
hvfdiv,Weylin,Depka,Male,10,Vietnam,Vila Real Airport,PT,Portugal,2023-01-18,VRL,10,738538
6UcgKO,Bealle,Malkin,Male,13,China,Ängelholm-Helsingborg Airport,SE,Sweden,2023-01-20,AGH,2,738540
R7QL7x,Kat,Knath,Female,79,Sweden,Sliač Airport,SK,Slovakia,2023-01-26,SLD,1,738546
bVVl9L,Eloise,Leethem,Female,27,Vietnam,Wiesbaden Army Airfield,DE,Germany,2023-01-28,WIE,1,738548
7ejolS,Tull,McCarrison,Male,85,South Africa,Locarno Airport,CH,Switzerland,2023-01-28,ZJI,2,738548
NXHnyp,Denney,Karpf,Male,2,Brazil,Ängelholm-Helsingborg Airport,SE,Sweden,2023-01-31,AGH,2,738551
9lefby,Sonny,Giffaut,Male,74,Thailand,"Magdeburg ""City"" Airport",DE,Germany,2023-02-04,ZMG,2,738555
ljc2G7,Tiffani,Aggio,Female,8,Oman,Warsaw Chopin Airport,PL,Poland,2023-02-04,WAW,1,738555
MrhMyV,Fulvia,Tiffin,Female,90,Bangladesh,Ängelholm-Helsingborg Airport,SE,Sweden,2023-02-06,AGH,40,738557
9HXSNf,Giselbert,Wollrauch,Male,2,Mongolia,Warsaw Chopin Airport,PL,Poland,2023-02-12,WAW,2,738563
91Lovz,Winne,Drewe,Female,87,Afghanistan,Celle Airport,DE,Germany,2023-02-15,ZCN,24,738566
vuPmqi,Andy,Nerney,Male,68,United States,Söderhamn Airport,SE,Sweden,2023-02-16,SOO,1,738567
aHGP3w,Elisabet,Le Cornu,Female,4,Cyprus,Arvidsjaur Airport,SE,Sweden,2023-02-21,AJR,4,738572
hvfdiv,Weylin,Depka,Male,10,Vietnam,Vila Real Airport,PT,Portugal,2023-02-23,VRL,10,738574
liVBun,Durand,Sacco,Male,3,Zambia,Narvik Framnes Airport,NO,Norway,2023-02-25,NVK,8,738576
T3vAJK,Fara,Leggitt,Female,8,United States,Aalborg Airport,DK,Denmark,2023-02-27,AAL,1,738578
gEnnva,Traver,McIlory,Male,87,United States,Billund Airport,DK,Denmark,2023-02-27,BLL,1,738578
RoQ4kP,Hilliary,Trevers,Female,81,Albania,Villanova D'Albenga International Airport,IT,Italy,2023-02-28,ALL,2,738579
Bjfw5U,Corrina,Leon,Female,64,Venezuela,Vodochody Airport,CZ,Czechia,2023-03-07,VOD,1,738586
KgCGh2,Lyman,Vallens,Male,2,Canada,Warsaw Chopin Airport,PL,Poland,2023-03-12,WAW,3,738591
IrwdA6,Adlai,Nickell,Male,6,Ukraine,Málaga Airport,ES,Spain,2023-03-14,AGP,3,738593
65YBLH,Husain,Bloodworth,Male,5,Sweden,Sørkjosen Airport,NO,Norway,2023-03-18,SOJ,1,738597
ixM77Y,Conny,Maginot,Female,79,Ukraine,Dax Seyresse Airport,FR,France,2023-03-20,XDA,1,738599
9K7Xj3,Jarrett,Stannis,Male,88,Tajikistan,Augsburg Airport,DE,Germany,2023-03-25,AGB,3,738604
qFJOhm,Olenka,Stammers,Female,1,Ukraine,Daugavpils Intrenational Airport,LV,Latvia,2023-03-29,DGP,2,738608
A05HcN,Pet,Caulliere,Female,84,Brazil,Copernicus Wrocław Airport,PL,Poland,2023-03-29,WRO,4,738608
X1aOIa,Wandie,Newland,Female,74,Poland,Aerodromo Goncalves Lobato (Viseu Airport),PT,Portugal,2023-04-01,VSE,1,738611
ft2gbb,Francois,Daulby,Male,86,United Kingdom,Bergen Airport Flesland,NO,Norway,2023-04-04,BGO,2,738614
2QEAcn,Beltran,Lille,Male,1,United States,Notodden Airport,NO,Norway,2023-04-09,NTB,2,738619
1ot3oF,Andeee,Nunns,Female,52,Czech Republic,Modlin Airport,PL,Poland,2023-04-11,WMI,1,738621
8lfGJP,Raphaela,Krates,Female,2,Yemen,Lista Airport,NO,Norway,2023-04-13,FAN,1,738623
kaF0um,Rubin,Kaaskooper,Male,2,China,Interlaken Air Base,CH,Switzerland,2023-04-15,ZIN,14,738625
tATyJN,Jaymee,Eva,Female,11,Ukraine,Eskilstuna Airport,SE,Sweden,2023-04-16,EKT,1,738626
liVBun,Durand,Sacco,Male,3,Zambia,Narvik Framnes Airport,NO,Norway,2023-04-16,NVK,8,738626
rzSL55,Lilllie,Shoobridge,Female,12,Afghanistan,Vilhelmina Airport,SE,Sweden,2023-04-22,VHM,1,738632
BsGEnC,Gus,Swetman,Male,88,Colombia,Stockholm-Arlanda Airport,SE,Sweden,2023-04-22,ARN,2,738632
LGvNO1,Rozalie,Enion,Female,57,United States,Växjö Kronoberg Airport,SE,Sweden,2023-04-29,VXO,1,738639
zUjGJR,Ardeen,Sherman,Female,47,South Africa,Copernicus Wrocław Airport,PL,Poland,2023-05-04,WRO,3,738644
ReS2mf,Martina,Quernel,Female,13,Sri Lanka,"Vardø Airport, Svartnes",NO,Norway,2023-05-04,VAW,2,738644
bdkA3L,Rory,Frost,Male,90,Ukraine,Joensuu Airport,FI,Finland,2023-05-05,JOE,3,738645
XMozKl,Dennie,MacDermid,Female,81,Albania,Châlons-Vatry Airport,FR,France,2023-05-06,XCR,8,738646
tuP2Ap,Gabey,Dottrell,Female,29,Russia,Växjö Kronoberg Airport,SE,Sweden,2023-05-07,VXO,2,738647
i1pNNr,Cher,Poulgreen,Female,2,Ukraine,Copenhagen Kastrup Airport,DK,Denmark,2023-05-12,CPH,1,738652
LhPFgm,Blinni,Daniell,Female,28,Vietnam,Gothenburg-Landvetter Airport,SE,Sweden,2023-05-19,GOT,1,738659
mt17iS,Malchy,Highwood,Male,89,Sweden,Aarhus Airport,DK,Denmark,2023-05-21,AAR,2,738661
80MjmU,Seymour,Lambricht,Male,2,Sweden,Kautokeino Air Base,NO,Norway,2023-05-21,QKX,2,738661
JBPrUk,Holt,Gittose,Male,5,Serbia,Vienna International Airport,AT,Austria,2023-05-24,VIE,9,738664
LHYAaX,Dosi,Kittles,Female,74,Croatia,Stockholm-Arlanda Airport,SE,Sweden,2023-05-24,ARN,2,738664
Ik9P2o,Doyle,Simonian,Male,18,Argentina,"Magdeburg ""City"" Airport",DE,Germany,2023-05-27,ZMG,2,738667
808Zhs,Terese,Shingles,Female,10,South Africa,Værøy Heliport,NO,Norway,2023-05-28,VRY,3,738668
qsZ1Nz,Jaclin,Clohessy,Female,69,Philippines,Grenchen Airport,CH,Switzerland,2023-05-29,ZHI,3,738669
j8X6fb,Roanne,Torry,Female,4,Portugal,Orange-Caritat (BA 115) Air Base,FR,France,2023-06-01,XOG,1,738672
rCyGho,Gerrard,Stammler,Male,89,Vietnam,Bern Belp Airport,CH,Switzerland,2023-06-01,BRN,9,738672
HxIENo,Nadean,Darville,Female,84,United States,Brussels South Charleroi Airport,BE,Belgium,2023-06-04,CRL,1,738675
ETJELc,Marni,Swaysland,Female,7,Vietnam,Kunovice Airport,CZ,Czechia,2023-06-05,UHE,1,738676
HCaXKM,Edwina,Montilla,Female,73,Indonesia,Västervik Airport,SE,Sweden,2023-06-16,VVK,3,738687
r5SX2j,Ruby,Fermer,Male,2,China,M. R. Štefánik Airport,SK,Slovakia,2023-06-18,BTS,1,738689
Y546oo,Hayley,Summerscales,Female,5,Thailand,Bardufoss Airport,NO,Norway,2023-06-19,BDU,1,738690
VZMus3,Lionel,Turk,Male,10,United States,Wevelgem Airport,BE,Belgium,2023-06-21,KJK,2,738692
ThzhBg,Imelda,Blitz,Female,5,China,Stockholm Västerås Airport,SE,Sweden,2023-06-22,VST,9,738693
nzUY7V,Aurilia,Perton,Female,84,China,Corvo Airport,PT,Portugal,2023-06-23,CVU,1,738694
OloHFT,Mariellen,Oxx,Female,79,China,Poprad-Tatry Airport,SK,Slovakia,2023-06-24,TAT,1,738695
GFSUGT,Ealasaid,Rutty,Female,86,Thailand,Stockholm Västerås Airport,SE,Sweden,2023-06-26,VST,1,738697
GinJ1Z,Ulises,Pearl,Male,86,United States,Locarno Airport,CH,Switzerland,2023-06-27,ZJI,9,738698
srQ4lY,Nicolette,Meenehan,Female,89,Belarus,Utti Air Base,FI,Finland,2023-06-30,UTI,2,738701
SAA64e,Gerladina,Bohey,Female,6,Yemen,Sandnessjøen Airport (Stokka),NO,Norway,2023-07-02,SSJ,14,738703
KPCILR,Aubrette,Fountian,Female,2,China,Aerodromo Goncalves Lobato (Viseu Airport),PT,Portugal,2023-07-03,VSE,2,738704
virbPn,Mathias,Saxton,Male,89,Canada,Karpathos Airport,GR,Greece,2023-07-04,AOK,2,738705
qL8clP,Charin,De Ruggero,Female,40,United States,Hamburg-Finkenwerder Airport,DE,Germany,2023-07-04,XFW,9,738705
UqOACQ,Traci,McVeighty,Female,20,Sweden,Braga Municipal Aerodrome,PT,Portugal,2023-07-04,BGZ,1,738705
p1V1p1,Hewitt,Corkhill,Male,87,Thailand,Norrköping Airport,SE,Sweden,2023-07-06,NRK,2,738707
Ej187V,Bari,MacGahy,Female,39,United States,Sliač Airport,SK,Slovakia,2023-07-09,SLD,3,738710
JBPrUk,Holt,Gittose,Male,5,Serbia,Vienna International Airport,AT,Austria,2023-07-09,VIE,9,738710
mtxxbT,Alikee,Bodle,Female,89,Czech Republic,Porto Santo Airport,PT,Portugal,2023-07-12,PXO,3,738713
ze6c8y,Ardisj,Reisk,Female,2,United States,Stafsberg Airport,NO,Norway,2023-07-14,HMR,1,738715
dNSVH6,Emlynne,Krzysztofiak,Female,5,China,Sveg Airport,SE,Sweden,2023-07-17,EVG,1,738718
6xZOYY,Lori,Sybe,Female,90,Brazil,Førde Airport,NO,Norway,2023-07-19,FDE,1,738720
OHO39n,Harvey,Goldsworthy,Male,54,Vietnam,Halmstad Airport,SE,Sweden,2023-07-21,HAD,2,738722
nRXuro,Gwenette,Parr,Female,2,China,Ventspils International Airport,LV,Latvia,2023-07-22,VNT,2,738723
PjcA0M,Darin,Iggalden,Male,4,China,Cascais Airport,PT,Portugal,2023-07-23,CAT,2,738724
4svG0t,Rochette,Copes,Female,87,Thailand,Bitburg Airport,DE,Germany,2023-07-27,BBJ,3,738728
BYRGRE,Bancroft,Silversmidt,Male,87,Sweden,Bonn-Hangelar Airport,DE,Germany,2023-07-27,BNJ,1,738728
x8jKtr,Nat,Isac,Male,81,China,Hamburg-Finkenwerder Airport,DE,Germany,2023-07-28,XFW,1,738729
1SmMkX,Benoite,Lamplough,Female,86,United States,Zabreh Ostrava Airport,CZ,Czechia,2023-08-01,ZBE,39,738733
6xwouW,Christopher,Aldhouse,Male,11,Sweden,Modlin Airport,PL,Poland,2023-08-01,WMI,6,738733
fjxNxv,Alanna,Beddall,Female,15,Sweden,Bragança Airport,PT,Portugal,2023-08-02,BGC,1,738734
T4pie5,Brennan,Pollard,Male,43,Vietnam,Grenchen Airport,CH,Switzerland,2023-08-02,ZHI,2,738734
AMvmMz,Garrard,Abbs,Male,63,China,Stockholm Västerås Airport,SE,Sweden,2023-08-03,VST,1,738735
hzEkkc,Catharine,Hands,Female,79,Albania,Zoersel (Oostmalle) Airfield,BE,Belgium,2023-08-05,OBL,1,738737
KXJZYS,Tommy,Follan,Female,87,Argentina,Bildudalur Airport,IS,Iceland,2023-08-08,BIU,1,738740
87PuMa,Ofelia,Brach,Female,1,Armenia,Aachen-Merzbrück Airport,DE,Germany,2023-08-09,AAH,4,738741
R8DlZb,Yvette,Brandrick,Female,3,Brazil,Žilina Airport,SK,Slovakia,2023-08-12,ILZ,2,738744
Oubjze,Ben,Ferber,Male,4,Czech Republic,Amsterdam Airport Schiphol,NL,Netherlands,2023-08-13,AMS,3,738745
9MpuWk,Mac,Musla,Male,81,Colombia,Woensdrecht Air Base,NL,Netherlands,2023-08-16,WOE,3,738748
fYe705,Ingram,Prewer,Male,88,Afghanistan,Algeciras Heliport,ES,Spain,2023-08-19,AEI,48,738751
fYe705,Ingram,Prewer,Male,88,Afghanistan,Algeciras Heliport,ES,Spain,2023-08-20,AEI,48,738752
evFtOF,Aindrea,Beedell,Female,86,Argentina,Ventspils International Airport,LV,Latvia,2023-08-20,VNT,10,738752
U3CiiS,Redd,Beckford,Male,87,United States,Leirin Airport,NO,Norway,2023-08-20,VDB,8,738752
AMjlBY,Odey,Lazarus,Male,71,Ukraine,Stockholm-Arlanda Airport,SE,Sweden,2023-08-21,ARN,2,738753
l8rnPZ,Harland,Racher,Male,88,Uzbekistan,Copenhagen Kastrup Airport,DK,Denmark,2023-08-22,CPH,1,738754
hvfdiv,Weylin,Depka,Male,10,Vietnam,Vila Real Airport,PT,Portugal,2023-08-23,VRL,10,738755
qYX3ey,Culver,Jackett,Male,1,Indonesia,Montauban Airport,FR,France,2023-08-25,XMW,1,738757
Mnlm1R,Randall,Mathon,Male,88,Costa Rica,Aerodromo de Chaves,PT,Portugal,2023-08-26,CHV,3,738758
LI9IRo,Jarid,Gribble,Male,82,Vietnam,St Gallen Altenrhein Airport,CH,Switzerland,2023-08-27,ACH,22,738759
mPQFjG,Ardelis,Sloan,Female,27,South Africa,Visby Airport,SE,Sweden,2023-08-28,VBY,12,738760
D6SsuG,Kirbee,Wrenn,Female,45,Armenia,Donaueschingen-Villingen Airport,DE,Germany,2023-08-30,ZQL,1,738762
O62lQC,Sanderson,Kiessel,Male,85,Ukraine,Akureyri Airport,IS,Iceland,2023-09-01,AEY,2,738764
liVBun,Durand,Sacco,Male,3,Zambia,Cannes-Mandelieu Airport,FR,France,2023-09-03,CEQ,8,738766
6daEbB,Port,Penkman,Male,1,United States,Ängelholm-Helsingborg Airport,SE,Sweden,2023-09-04,AGH,32,738767
1Wr9UK,Cori,Morbey,Male,12,Australia,Prešov Air Base,SK,Slovakia,2023-09-05,POV,3,738768
87PuMa,Ofelia,Brach,Female,1,Armenia,Gap - Tallard Airfield,FR,France,2023-09-05,GAT,4,738768
R3Vs4T,Yolanthe,Harriot,Female,2,Sweden,Andøya Airport,NO,Norway,2023-09-07,ANX,17,738770
R3Vs4T,Yolanthe,Harriot,Female,2,Sweden,Andøya Airport,NO,Norway,2023-09-08,ANX,17,738771
0jX9uu,Deedee,Hazell,Female,2,Micronesia,Arvidsjaur Airport,SE,Sweden,2023-09-09,AJR,44,738772
xg3ro7,Bram,Stannah,Male,10,Venezuela,Přerov Air Base,CZ,Czechia,2023-09-12,PRV,2,738775
zTwwuM,Deanna,Schimek,Female,13,Senegal,Norrköping Airport,SE,Sweden,2023-09-12,NRK,1,738775
PmsRkV,Theodor,Rangeley,Male,21,Ukraine,Porto Santo Airport,PT,Portugal,2023-09-13,PXO,2,738776
crAk3c,Babita,Culross,Female,54,Tunisia,Kiruna Airport,SE,Sweden,2023-09-14,KRN,1,738777
kDrPbC,Minnie,Gwilliam,Female,90,Kenya,Ljubljana Jože Pučnik Airport,SI,Slovenia,2023-09-15,LJU,2,738778
8FCkCK,Chelsey,Winram,Female,22,Uganda,Bergen Airport Flesland,NO,Norway,2023-09-17,BGO,1,738780
vStVjt,Beryl,Look,Female,3,Thailand,Utti Air Base,FI,Finland,2023-09-18,UTI,2,738781
1LIvWm,Bern,Hember,Male,5,Norway,Bardufoss Airport,NO,Norway,2023-09-18,BDU,2,738781
9D8fyt,Shepherd,Elwin,Male,90,Russia,Geilo Airport Dagali,NO,Norway,2023-09-18,DLD,2,738781
Ee5pZL,Marven,Grouer,Male,56,Thailand,Warsaw Chopin Airport,PL,Poland,2023-09-18,WAW,1,738781
tuP2Ap,Gabey,Dottrell,Female,29,Russia,Växjö Kronoberg Airport,SE,Sweden,2023-09-19,VXO,2,738782
IAY1Ge,Honoria,Ferreira,Female,9,Sweden,Idre Airport,SE,Sweden,2023-09-19,IDB,1,738782
sX6whH,Horatia,Mathelon,Female,50,Indonesia,Stockholm-Arlanda Airport,SE,Sweden,2023-09-19,ARN,2,738782
ul50Ul,Sonny,Blevin,Female,28,Argentina,Vilhelmina Airport,SE,Sweden,2023-09-19,VHM,10,738782
0GRNkJ,Harriot,Longcake,Female,27,Qatar,Örnsköldsvik Airport,SE,Sweden,2023-09-20,OER,1,738783
P16tMv,Kali,Winsper,Female,24,Argentina,Copernicus Wrocław Airport,PL,Poland,2023-09-21,WRO,1,738784
XXX5MG,Howard,Mulvaney,Male,16,Brazil,Lycksele Airport,SE,Sweden,2023-09-21,LYC,2,738784
lLkffl,Calhoun,Mallatratt,Male,6,Indonesia,Ängelholm-Helsingborg Airport,SE,Sweden,2023-09-27,AGH,21,738790
VEpm2W,Jake,Hackett,Male,8,Venezuela,Altiport L'Alpe d'Huez - Henri GIRAUD,FR,France,2023-09-28,AHZ,1,738791
6aQsrr,Bonnee,Baudouin,Female,27,Ukraine,Ylivieska Airfield,FI,Finland,2023-09-29,YLI,1,738792
xFNWw5,Emilia,Brahms,Female,55,China,Modlin Airport,PL,Poland,2023-09-29,WMI,1,738792
2r0SRV,Pollyanna,Kos,Female,75,Yemen,Grenchen Airport,CH,Switzerland,2023-09-29,ZHI,2,738792
ANn6ug,Maude,Halbert,Female,2,Yemen,Palanga International Airport,LT,Lithuania,2023-09-29,PLQ,2,738792
fYe705,Ingram,Prewer,Male,88,Afghanistan,Oksywie Military Air Base,PL,Poland,2023-09-29,QYD,48,738792
7j1FA2,Sandor,Thewless,Male,39,Thailand,Værøy Heliport,NO,Norway,2023-10-01,VRY,2,738794
kVnMM9,Dalila,Hane,Female,74,Brazil,Donaueschingen-Villingen Airport,DE,Germany,2023-10-02,ZQL,8,738795
Ik9P2o,Doyle,Simonian,Male,18,Argentina,"Magdeburg ""City"" Airport",DE,Germany,2023-10-02,ZMG,2,738795
CgWkbN,Abran,Tarbett,Male,7,China,Brussels Airport,BE,Belgium,2023-10-03,BRU,3,738796
4mZR98,Jamey,Coulsen,Male,65,Tanzania,Hamburg-Finkenwerder Airport,DE,Germany,2023-10-03,XFW,2,738796
C797EW,Silvano,Sex,Male,74,China,Arvidsjaur Airport,SE,Sweden,2023-10-03,AJR,7,738796
yXmYv5,Nikolos,Benedit,Male,1,Afghanistan,Hamburg-Finkenwerder Airport,DE,Germany,2023-10-06,XFW,25,738799
bsZnPV,Violante,Tuttiett,Female,15,Poland,Zabreh Ostrava Airport,CZ,Czechia,2023-10-06,ZBE,4,738799
EjUHON,Essie,Mossdale,Female,78,Bosnia and Herzegovina,Algeciras Heliport,ES,Spain,2023-10-08,AEI,2,738801
7kulmc,Roz,Laise,Female,27,Argentina,Valenciennes-Denain Airport,FR,France,2023-10-08,XVS,2,738801
lLkffl,Calhoun,Mallatratt,Male,6,Indonesia,Ängelholm-Helsingborg Airport,SE,Sweden,2023-10-10,AGH,21,738803
yXmYv5,Nikolos,Benedit,Male,1,Afghanistan,Hamburg-Finkenwerder Airport,DE,Germany,2023-10-12,XFW,25,738805
A05HcN,Pet,Caulliere,Female,84,Brazil,Oksywie Military Air Base,PL,Poland,2023-10-12,QYD,4,738805
oKwBm2,Florie,Claybourn,Female,60,Thailand,Koszalin Zegrze Pomorskie Air Base,PL,Poland,2023-10-12,OSZ,3,738805
QGhdn3,Gretchen,Ensor,Female,23,Ukraine,Sandnessjøen Airport (Stokka),NO,Norway,2023-10-13,SSJ,2,738806
3IpVa0,Britteny,Cardenosa,Female,4,Sweden,Sauðárkrókur Airport,IS,Iceland,2023-10-13,SAK,2,738806
DEStXk,Renard,Pickford,Male,12,Thailand,Braga Municipal Aerodrome,PT,Portugal,2023-10-14,BGZ,3,738807
mP4PdI,Allene,Woodson,Female,5,Tanzania,Tampere-Pirkkala Airport,FI,Finland,2023-10-15,TMP,1,738808
UxudQY,Simone,Leele,Female,66,Armenia,Bergen Airport Flesland,NO,Norway,2023-10-15,BGO,8,738808
fYe705,Ingram,Prewer,Male,88,Afghanistan,Algeciras Heliport,ES,Spain,2023-10-15,AEI,48,738808
VGgwrx,Thor,Deschelle,Male,10,Yemen,Lahr Airport,DE,Germany,2023-10-16,LHA,1,738809
BXkR9S,Miof mela,Peschmann,Female,86,Mexico,Söderhamn Airport,SE,Sweden,2023-10-16,SOO,50,738809
hvfdiv,Weylin,Depka,Male,10,Vietnam,Vila Real Airport,PT,Portugal,2023-10-16,VRL,10,738809
3AXj4a,Dall,Vinau,Male,88,Venezuela,Redzikowo Air Base,PL,Poland,2023-10-16,OSP,1,738809
4aTAFE,Sterling,Dodswell,Male,89,Azerbaijan,Monte Real Air Base,PT,Portugal,2023-10-17,QLR,2,738810
nVP2A9,Annis,Wims,Female,76,Mexico,Trollhättan-Vänersborg Airport,SE,Sweden,2023-10-17,THN,2,738810
OA6oXj,Artair,Quarles,Male,79,Indonesia,Aarhus Airport,DK,Denmark,2023-10-18,AAR,1,738811
aVwz3N,Golda,Quodling,Female,29,Slovenia,Ålesund Airport,NO,Norway,2023-10-19,AES,3,738812
4KCGGB,Carey,Donnell,Female,15,Belarus,Førde Airport,NO,Norway,2023-10-19,FDE,3,738812
qZIwfc,Worthington,Sutherel,Male,89,Ukraine,Hamburg-Finkenwerder Airport,DE,Germany,2023-10-20,XFW,40,738813
C8L1cW,Caritta,Ciobutaru,Female,72,Indonesia,Bragança Airport,PT,Portugal,2023-10-21,BGC,8,738814
2oPFX9,Anett,Taylor,Female,9,Uzbekistan,Hemavan Airport,SE,Sweden,2023-10-21,HMV,1,738814
vogdDT,Maureen,Blaise,Female,87,Finland,Biała Podlaska Airfield,PL,Poland,2023-10-21,BXP,2,738814
LlbDyV,Loleta,Sinclar,Female,4,Peru,Treviso-Sant'Angelo Airport,IT,Italy,2023-10-22,TSF,3,738815
U3ffgD,Carina,MacCumiskey,Female,5,Argentina,Le Touquet-Côte d'Opale Airport,FR,France,2023-10-23,LTQ,2,738816
hRAWBd,Kale,Pollicott,Male,90,China,Sparti Airport,GR,Greece,2023-10-23,SPJ,1,738816
VNzeS4,Ezra,Rowles,Male,90,Russia,Łódź Władysław Reymont Airport,PL,Poland,2023-10-23,LCJ,3,738816
hFoFnh,Cathie,Witul,Female,83,Albania,Skellefteå Airport,SE,Sweden,2023-10-24,SFT,41,738817
T57ZYC,Rosanne,Reglar,Female,13,Sweden,Donaueschingen-Villingen Airport,DE,Germany,2023-10-24,ZQL,2,738817
p1slGO,Karry,Savill,Female,88,Iran,Donaueschingen-Villingen Airport,DE,Germany,2023-10-24,ZQL,2,738817
RADC0Q,Theresina,Urwin,Female,4,United States,Norrköping Airport,SE,Sweden,2023-10-24,NRK,1,738817
A05HcN,Pet,Caulliere,Female,84,Brazil,Copernicus Wrocław Airport,PL,Poland,2023-10-26,WRO,4,738819
52RWMN,Fremont,Alltimes,Male,89,United States,Vestmannaeyjar Airport,IS,Iceland,2023-10-26,VEY,46,738819
6hnlVg,Tome,Clyant,Male,13,Greece,RAF Wildenrath,DE,Germany,2023-10-27,WID,2,738820
YFYCSe,Laird,McAlpine,Male,89,China,Locarno Airport,CH,Switzerland,2023-10-28,ZJI,3,738821
ANn6ug,Maude,Halbert,Female,2,Yemen,Stauning Airport,DK,Denmark,2023-10-28,STA,2,738821
RU0mcF,Curtis,Aggiss,Male,1,Brazil,Gällivare Airport,SE,Sweden,2023-10-29,GEV,2,738822
PxmsMF,Tate,Immins,Male,1,Pakistan,Skövde Airport,SE,Sweden,2023-10-29,KVB,1,738822
lGThAf,Nadya,Westcot,Female,89,Brazil,M. R. Štefánik Airport,SK,Slovakia,2023-10-30,BTS,28,738823
guh4oL,Jason,Jerdein,Male,4,Slovenia,Modlin Airport,PL,Poland,2023-10-30,WMI,28,738823
1MTFQi,Bobina,Godsal,Female,2,China,Lublin Airport,PL,Poland,2023-10-30,LUZ,2,738823
SbAlcB,Dean,Orviss,Male,73,Philippines,Celle Airport,DE,Germany,2023-10-31,ZCN,2,738824
snZ5s8,Allx,Ambrosoni,Female,9,Albania,Bastia-Poretta Airport,FR,France,2023-10-31,BIA,2,738824
R3Vs4T,Yolanthe,Harriot,Female,2,Sweden,Andøya Airport,NO,Norway,2023-10-31,ANX,17,738824
ui2fyC,Carola,Vince,Female,64,Canada,Eskilstuna Airport,SE,Sweden,2023-10-31,EKT,1,738824
FNS4lz,Bevan,Douthwaite,Male,1,Uzbekistan,Gothenburg-Landvetter Airport,SE,Sweden,2023-10-31,GOT,1,738824
fYe705,Ingram,Prewer,Male,88,Afghanistan,Castres-Mazamet Airport,FR,France,2023-10-31,DCM,48,738824
EoPwDz,Felizio,Giovannoni,Male,3,China,Maubeuge-Élesmes Airport,FR,France,2023-11-01,XME,1,738825
2NFpYD,Mala,Langworthy,Female,38,Czech Republic,Växjö Kronoberg Airport,SE,Sweden,2023-11-01,VXO,9,738825
Fouxq4,Cody,Nanninini,Male,90,China,Teruel Airport,ES,Spain,2023-11-01,TEV,3,738825
ceYM16,Woodman,Olliver,Male,90,Indonesia,Soesterberg Air Base,NL,Netherlands,2023-11-01,UTC,1,738825
Ddqvrj,Nikolos,Cabral,Male,86,Japan,Agrinion Air Base,GR,Greece,2023-11-03,AGQ,1,738827
LOyvXo,Gearalt,Woolnough,Male,18,Indonesia,Zürich Airport,CH,Switzerland,2023-11-05,ZRH,3,738829
gbnZ9C,Lu,Grieswood,Female,2,Philippines,Daugavpils Intrenational Airport,LV,Latvia,2023-11-05,DGP,8,738829
Kb4HJb,Nadeen,Brunesco,Female,55,Russia,Wilhelmshaven-Mariensiel Airport,DE,Germany,2023-11-05,WVN,1,738829
YDL0ix,Camellia,Cuthill,Female,14,Russia,Kiruna Airport,SE,Sweden,2023-11-07,KRN,2,738831
NQEEO3,Petronella,Haselgrove,Female,3,Afghanistan,Ostend-Bruges International Airport,BE,Belgium,2023-11-07,OST,2,738831
fYe705,Ingram,Prewer,Male,88,Afghanistan,Algeciras Heliport,ES,Spain,2023-11-07,AEI,48,738831
9eifZY,Carmelle,Butson,Female,87,Brazil,Aurillac Airport,FR,France,2023-11-07,AUR,3,738831
80MjmU,Seymour,Lambricht,Male,2,Sweden,Kautokeino Air Base,NO,Norway,2023-11-09,QKX,2,738833
U3ffgD,Carina,MacCumiskey,Female,5,Argentina,Arvidsjaur Airport,SE,Sweden,2023-11-10,AJR,2,738834
aHGP3w,Elisabet,Le Cornu,Female,4,Cyprus,Flores Airport,PT,Portugal,2023-11-10,FLW,4,738834
2r0SRV,Pollyanna,Kos,Female,75,Yemen,Grenchen Airport,CH,Switzerland,2023-11-10,ZHI,2,738834
Dme014,Romona,Najara,Female,56,Sweden,Växjö Kronoberg Airport,SE,Sweden,2023-11-11,VXO,12,738835
lGiEfm,Baily,Gergher,Male,79,Greece,Poprad-Tatry Airport,SK,Slovakia,2023-11-11,TAT,2,738835
tnoCJs,Lincoln,Fumagall,Male,22,Kosovo,Warsaw Chopin Airport,PL,Poland,2023-11-11,WAW,3,738835
ReS2mf,Martina,Quernel,Female,13,Sri Lanka,"Vardø Airport, Svartnes",NO,Norway,2023-11-12,VAW,2,738836
cC1eyZ,Jeanna,MacKilroe,Female,44,Albania,Zielona Góra-Babimost Airport,PL,Poland,2023-11-12,IEG,2,738836
g0j7bZ,Sonia,Mewha,Female,14,France,Eskilstuna Airport,SE,Sweden,2023-11-13,EKT,1,738837
Hyl7y5,Margot,Sheryn,Female,30,Russia,Lemwerder Airport,DE,Germany,2023-11-14,XLW,50,738838
2Rk4R6,Mill,Shier,Male,5,Sweden,Kassel-Calden Airport,DE,Germany,2023-11-14,KSF,1,738838
otlPkO,Rayna,Gisborne,Female,66,Czech Republic,Ascona Airport,CH,Switzerland,2023-11-15,ACO,2,738839
kzrERL,Wat,Plaister,Male,21,Indonesia,Donaueschingen-Villingen Airport,DE,Germany,2023-11-15,ZQL,2,738839
v3CQlg,Alfi,Slay,Female,1,Indonesia,Ängelholm-Helsingborg Airport,SE,Sweden,2023-11-15,AGH,7,738839
KyGqDY,Marline,Switzer,Female,82,Cyprus,Maubeuge-Élesmes Airport,FR,France,2023-11-16,XME,1,738840
t2Qo9n,Yelena,Hickford,Female,12,Philippines,Augsburg Airport,DE,Germany,2023-11-17,AGB,49,738841
hFoFnh,Cathie,Witul,Female,83,Albania,Skellefteå Airport,SE,Sweden,2023-11-17,SFT,41,738841
pIJEc5,Raynor,Ipsly,Male,88,Cameroon,Sveg Airport,SE,Sweden,2023-11-17,EVG,18,738841
IjIS8O,Ruthe,Trippitt,Female,75,Armenia,Altiport L'Alpe d'Huez - Henri GIRAUD,FR,France,2023-11-17,AHZ,2,738841
vetpRl,Omar,Ealam,Male,21,China,Ascona Airport,CH,Switzerland,2023-11-18,ACO,2,738842
lLkffl,Calhoun,Mallatratt,Male,6,Indonesia,Ängelholm-Helsingborg Airport,SE,Sweden,2023-11-18,AGH,21,738842
TxOcAc,Noak,Chatenier,Male,82,Czech Republic,Zürich Airport,CH,Switzerland,2023-11-19,ZRH,2,738843
25x8Oh,Lewes,Southwell,Male,3,Ukraine,Częstochowa-Rudniki,PL,Poland,2023-11-19,CZW,42,738843
5z5TfB,Nicolais,Wason,Male,78,Bolivia,Málaga Airport,ES,Spain,2023-11-20,AGP,4,738844
rCyGho,Gerrard,Stammler,Male,89,Vietnam,Stavanger Airport Sola,NO,Norway,2023-11-20,SVG,9,738844
VfXpLT,Lawrence,Bolderstone,Male,87,Syria,Latina Air Base,IT,Italy,2023-11-20,QLT,2,738844
kszhoJ,Darryl,Dobey,Male,61,Spain,Kramfors Sollefteå Airport,SE,Sweden,2023-11-20,KRF,1,738844
RYP2PM,Terrell,McClay,Male,8,United States,Cascais Airport,PT,Portugal,2023-11-20,CAT,18,738844
RHnpwO,Shell,Ellesmere,Female,28,Peru,Valenciennes-Denain Airport,FR,France,2023-11-20,XVS,1,738844
7Cdmdo,Xavier,Rumble,Male,65,Uzbekistan,Brussels Airport,BE,Belgium,2023-11-20,BRU,2,738844
T3uZYw,Ephrem,Januszewicz,Male,85,United Kingdom,Košice Airport,SK,Slovakia,2023-11-20,KSC,40,738844
plrLP7,Isabel,Meeke,Female,81,China,Wilhelmshaven-Mariensiel Airport,DE,Germany,2023-11-21,WVN,49,738845
IjIS8O,Ruthe,Trippitt,Female,75,Armenia,"Oslo, Fornebu Airport",NO,Norway,2023-11-21,FBU,2,738845
87PuMa,Ofelia,Brach,Female,1,Armenia,Eleftherios Venizelos International Airport,GR,Greece,2023-11-21,ATH,4,738845
NdFlv5,Christy,Biffen,Female,1,China,Bern Belp Airport,CH,Switzerland,2023-11-21,BRN,9,738845
ZlKNiG,Maud,McArthur,Female,63,Indonesia,Lemwerder Airport,DE,Germany,2023-11-21,XLW,2,738845
xUiHgF,Hector,Rainforth,Male,75,Argentina,Ålesund Airport,NO,Norway,2023-11-22,AES,25,738846
qLaXP9,Patrica,Roddick,Female,89,Portugal,"Ørsta-Volda Airport, Hovden",NO,Norway,2023-11-22,HOV,1,738846
xRLsfJ,Norine,Caudrelier,Female,18,Ukraine,Borlange Airport,SE,Sweden,2023-11-23,BLE,21,738847
nMugqf,Vanni,Blewis,Female,3,Chad,Bern Belp Airport,CH,Switzerland,2023-11-23,BRN,2,738847
0mffyG,Lezley,Dinnies,Male,3,Slovenia,Vilnius International Airport,LT,Lithuania,2023-11-23,VNO,44,738847
8Bf5zC,Kerrie,Beddingham,Female,85,Philippines,Bernay – St Martin Airport,FR,France,2023-11-23,XBX,1,738847
XzyD2v,Garrett,Brumfitt,Male,7,Russia,Borgarfjörður eystri Airport,IS,Iceland,2023-11-23,BGJ,2,738847
GNo0O5,Rakel,Swaisland,Female,26,China,Västervik Airport,SE,Sweden,2023-11-24,VVK,49,738848
bgPEdT,Russ,Aucock,Male,73,China,Ronneby Airport,SE,Sweden,2023-11-24,RNB,2,738848
aEMlbH,Asa,Banasiak,Male,85,Colombia,Lublin Airport,PL,Poland,2023-11-24,LUZ,4,738848
6dK0pN,Alma,Roscam,Female,90,China,Andøya Airport,NO,Norway,2023-11-25,ANX,10,738849
DboEs8,Desi,Cleworth,Male,90,Russia,Tenerife South Airport,ES,Spain,2023-11-25,TFS,1,738849
WOmosA,Rosabel,Izchaki,Female,80,Portugal,Copernicus Wrocław Airport,PL,Poland,2023-11-25,WRO,3,738849
T3uZYw,Ephrem,Januszewicz,Male,85,United Kingdom,Košice Airport,SK,Slovakia,2023-11-26,KSC,40,738850
qaITIc,Marven,Wardhaw,Male,27,Armenia,Modlin Airport,PL,Poland,2023-11-27,WMI,49,738851
CwkqYH,Nessie,Shrubsall,Female,9,Indonesia,Lidköping-Hovby Airport,SE,Sweden,2023-11-27,LDK,1,738851
XycvZx,Lynea,Smallpeace,Female,57,China,Piešťany Airport,SK,Slovakia,2023-11-28,PZY,3,738852
BsfaeA,Antonella,Lufkin,Female,21,Democratic Republic of the Congo,Hamburg-Finkenwerder Airport,DE,Germany,2023-11-28,XFW,49,738852
R2TBvX,Bidget,Gadman,Female,63,Ukraine,Malmö Sturup Airport,SE,Sweden,2023-11-28,MMX,6,738852
0FrhqK,Sophi,Fumagall,Female,32,Syria,Stockholm-Arlanda Airport,SE,Sweden,2023-11-28,ARN,3,738852
mPQFjG,Ardelis,Sloan,Female,27,South Africa,Visby Airport,SE,Sweden,2023-11-28,VBY,12,738852
bugn2X,Fredric,McGarrity,Male,1,Ukraine,Bastia-Poretta Airport,FR,France,2023-11-29,BIA,1,738853
Fw1wKX,Bradly,Limpenny,Male,90,Czech Republic,Decimomannu Air Base,IT,Italy,2023-11-29,DCI,1,738853
fYe705,Ingram,Prewer,Male,88,Afghanistan,Palma De Mallorca Airport,ES,Spain,2023-11-30,PMI,48,738854
AL1wbs,Adena,Kynson,Female,26,Portugal,Ålesund Airport,NO,Norway,2023-11-30,AES,2,738854
uBsacV,Currie,Lightowlers,Male,33,Peru,Växjö Kronoberg Airport,SE,Sweden,2023-11-30,VXO,49,738854
5fYskA,Stanley,Hounihan,Male,84,Russia,Zabreh Ostrava Airport,CZ,Czechia,2023-12-01,ZBE,3,738855
BXkR9S,Miof mela,Peschmann,Female,86,Mexico,Söderhamn Airport,SE,Sweden,2023-12-01,SOO,50,738855
PdD9Vy,Boyce,Benit,Male,17,Brazil,Zabreh Ostrava Airport,CZ,Czechia,2023-12-01,ZBE,48,738855
izJvvT,Daryl,Semple,Male,9,Kenya,Poprad-Tatry Airport,SK,Slovakia,2023-12-02,TAT,2,738856
5D9UCx,Quintilla,Pickwell,Female,13,United States,"Vardø Airport, Svartnes",NO,Norway,2023-12-02,VAW,8,738856
c4fKBS,Carolan,Leggon,Female,25,Lithuania,Vadsø Airport,NO,Norway,2023-12-03,VDS,2,738857
T3uZYw,Ephrem,Januszewicz,Male,85,United Kingdom,Košice Airport,SK,Slovakia,2023-12-03,KSC,40,738857
ObAsu5,Rodi,Lowndsborough,Female,84,Sweden,Lublin Airport,PL,Poland,2023-12-03,LUZ,2,738857
NIPJRl,Lester,Valois,Male,87,Greece,Salzburg Airport,AT,Austria,2023-12-03,SZG,2,738857
dRjs80,Natala,Medmore,Female,12,Antigua and Barbuda,M. R. Štefánik Airport,SK,Slovakia,2023-12-04,BTS,21,738858
qP8koa,Kerk,Nuschke,Male,6,Poland,Salzburg Airport,AT,Austria,2023-12-04,SZG,8,738858
cskmPs,Hasheem,Wormleighton,Male,65,Brazil,Corvo Airport,PT,Portugal,2023-12-05,CVU,1,738859
hFoFnh,Cathie,Witul,Female,83,Albania,Skellefteå Airport,SE,Sweden,2023-12-05,SFT,41,738859
aMF0Vu,Germain,Thireau,Male,80,Portugal,Vienna International Airport,AT,Austria,2023-12-05,VIE,3,738859
PmsRkV,Theodor,Rangeley,Male,21,Ukraine,Gilze Rijen Air Base,NL,Netherlands,2023-12-05,GLZ,2,738859
Nasxcd,Karoline,Owthwaite,Female,4,Thailand,Calais-Dunkerque Airport,FR,France,2023-12-06,CQF,2,738860
wWu8a2,Mason,Katt,Male,44,Argentina,Cascais Airport,PT,Portugal,2023-12-06,CAT,2,738860
eUK5uK,Robby,Scotts,Male,1,China,Røst Airport,NO,Norway,2023-12-07,RET,3,738861
FtcPRf,Forster,Elloway,Male,86,Mongolia,Augsburg Airport,DE,Germany,2023-12-08,AGB,7,738862
qBpGsP,Fletcher,Hachette,Male,55,China,Lučenec Airport,SK,Slovakia,2023-12-08,LUE,3,738862
ucAcL5,Alica,Barrick,Female,88,Serbia,Riesa-Göhlis Airport,DE,Germany,2023-12-08,IES,3,738862
BXkR9S,Miof mela,Peschmann,Female,86,Mexico,Söderhamn Airport,SE,Sweden,2023-12-09,SOO,50,738863
X7SAWR,Franky,Dorow,Male,78,Greece,"Szczecin-Goleniów ""Solidarność"" Airport",PL,Poland,2023-12-10,SZZ,1,738864
kzWKlb,Ellerey,Karpf,Male,8,China,Hemavan Airport,SE,Sweden,2023-12-10,HMV,3,738864
yXmYv5,Nikolos,Benedit,Male,1,Afghanistan,Hamburg-Finkenwerder Airport,DE,Germany,2023-12-11,XFW,25,738865
vogdDT,Maureen,Blaise,Female,87,Finland,Agrinion Air Base,GR,Greece,2023-12-11,AGQ,2,738865
qj6ZX0,Halsey,Tiffney,Male,13,Zambia,Wangerooge Airport,DE,Germany,2023-12-11,AGE,9,738865
6daEbB,Port,Penkman,Male,1,United States,Beja Airport / Airbase,PT,Portugal,2023-12-11,BYJ,32,738865
IrwdA6,Adlai,Nickell,Male,6,Ukraine,Fagurhólsmýri Airport,IS,Iceland,2023-12-11,FAG,3,738865
xTggnR,Elladine,Josebury,Female,59,Bolivia,Jerez Airport,ES,Spain,2023-12-12,XRY,1,738866
oKwBm2,Florie,Claybourn,Female,60,Thailand,Koszalin Zegrze Pomorskie Air Base,PL,Poland,2023-12-12,OSZ,3,738866
1iOsqu,Remy,Mozzini,Female,6,Indonesia,Bitburg Airport,DE,Germany,2023-12-12,BBJ,2,738866
SmwYqH,Westleigh,Holttom,Male,33,Czech Republic,Stockholm Västerås Airport,SE,Sweden,2023-12-13,VST,2,738867
qaITIc,Marven,Wardhaw,Male,27,Armenia,Vejrø,DK,Denmark,2023-12-13,-,49,738867
dM5Yyq,Aubine,Yule,Female,63,Philippines,Lajes Airport,PT,Portugal,2023-12-13,TER,3,738867
CWHl16,Melonie,Stronge,Female,72,China,Lycksele Airport,SE,Sweden,2023-12-13,LYC,2,738867
tg8m8l,Antonie,Walklett,Female,6,Indonesia,Lemwerder Airport,DE,Germany,2023-12-14,XLW,47,738868
9Il6RX,Atlanta,Balhatchet,Female,6,Mexico,Nea Anchialos Airport,GR,Greece,2023-12-14,VOL,50,738868
ohLb2u,Jeddy,Kobu,Male,62,Vietnam,Dax Seyresse Airport,FR,France,2023-12-14,XDA,10,738868
grD0lR,Kristy,Miklem,Female,85,Portugal,Salzburg Airport,AT,Austria,2023-12-14,SZG,47,738868
dytrBk,Alejandro,Elt,Male,8,Guatemala,St Gallen Altenrhein Airport,CH,Switzerland,2023-12-14,ACH,10,738868
TIoLt1,Min,Braemer,Female,84,Yemen,Lolland Falster Maribo Airport,DK,Denmark,2023-12-15,MRW,2,738869
idtCdC,Kimbra,Casham,Female,75,Chile,Augsburg Airport,DE,Germany,2023-12-15,AGB,3,738869
FdogmK,Fernande,Bank,Female,7,Spain,Aurillac Airport,FR,France,2023-12-16,AUR,8,738870
fpYiU3,Auguste,Janak,Female,24,Sweden,Bielsko-Bialo Kaniow Airfield,PL,Poland,2023-12-16,QEO,1,738870
XHwOWQ,Claire,Brech,Female,10,United States,Vannes-Meucon Airport,FR,France,2023-12-16,VNE,15,738870
tEo0v4,Terry,Arpe,Female,78,China,Horta Airport,PT,Portugal,2023-12-16,HOR,2,738870
9wXctb,Rustie,Jouhandeau,Male,10,United States,Hamburg-Finkenwerder Airport,DE,Germany,2023-12-16,XFW,16,738870
fLktVV,Carita,Edland,Female,25,Bahrain,Locarno Airport,CH,Switzerland,2023-12-16,ZJI,1,738870
lDODp1,Rees,Poone,Male,76,Guatemala,Hamburg-Finkenwerder Airport,DE,Germany,2023-12-16,XFW,8,738870
IdyzCe,Anabal,Sysland,Female,54,Albania,Málaga Airport,ES,Spain,2023-12-17,AGP,1,738871
UCd2f1,Hendrika,Scullion,Female,41,Russia,Vodochody Airport,CZ,Czechia,2023-12-17,VOD,1,738871
C3kpYp,Rivi,Bode,Female,63,Brazil,Arvidsjaur Airport,SE,Sweden,2023-12-17,AJR,2,738871
tnoCJs,Lincoln,Fumagall,Male,22,Kosovo,Warsaw Chopin Airport,PL,Poland,2023-12-18,WAW,3,738872
MhzNNP,Hanny,Pietruszka,Female,6,Kiribati,Lemwerder Airport,DE,Germany,2023-12-18,XLW,43,738872
Pq5vOR,Claudianus,Goodison,Male,32,China,Ascona Airport,CH,Switzerland,2023-12-19,ACO,2,738873
ilkb89,Kalinda,Bygott,Female,59,Argentina,Celle Airport,DE,Germany,2023-12-19,ZCN,38,738873
e6PD3d,Herold,Joesbury,Male,88,China,Aviano Air Base,IT,Italy,2023-12-19,AVB,18,738873
zDn7D5,Doralyn,Guyver,Female,78,Comoros,Klagenfurt Airport,AT,Austria,2023-12-19,KLU,1,738873
fy0SFQ,Jacinthe,Halligan,Female,46,Brazil,Vilhelmina Airport,SE,Sweden,2023-12-20,VHM,10,738874
FcVDlN,Torrie,Caldera,Female,85,China,Braunschweig-Wolfsburg Airport,DE,Germany,2023-12-20,BWE,3,738874
dcmyhg,Paula,Rameaux,Female,35,France,Beja Airport / Airbase,PT,Portugal,2023-12-20,BYJ,1,738874
kWe0RE,Loise,Metzke,Female,86,Vietnam,Cologne Bonn Airport,DE,Germany,2023-12-20,CGN,1,738874
7PRoCD,Estelle,Goodburn,Female,55,China,Ascona Airport,CH,Switzerland,2023-12-20,ACO,1,738874
uBsacV,Currie,Lightowlers,Male,33,Peru,Växjö Kronoberg Airport,SE,Sweden,2023-12-20,VXO,49,738874
sXTPDn,Maure,Ganniclifft,Female,6,Czech Republic,Ylivieska Airfield,FI,Finland,2023-12-21,YLI,1,738875
aCoA9W,Vance,Habbeshaw,Male,2,Philippines,St Gallen Altenrhein Airport,CH,Switzerland,2023-12-21,ACH,49,738875
25x8Oh,Lewes,Southwell,Male,3,Ukraine,Częstochowa-Rudniki,PL,Poland,2023-12-21,CZW,42,738875
cEXFNz,Jolee,Moscrop,Female,5,France,Salzburg Airport,AT,Austria,2023-12-22,SZG,3,738876
jqO6UG,Lorrin,Lickorish,Female,51,Czech Republic,Borlange Airport,SE,Sweden,2023-12-22,BLE,3,738876
sLTcie,Arturo,Padrick,Male,86,Brazil,Celle Airport,DE,Germany,2023-12-22,ZCN,18,738876
R71LhO,Yolande,Thomkins,Female,11,Albania,Toulouse-Blagnac Airport,FR,France,2023-12-22,TLS,9,738876
sQD0K2,Cazzie,Consadine,Male,33,China,Poprad-Tatry Airport,SK,Slovakia,2023-12-22,TAT,1,738876
eLfTCg,Roxanne,Tootal,Female,25,Brazil,Salzburg Airport,AT,Austria,2023-12-22,SZG,2,738876
osA8ik,Mary,Shoveller,Female,12,Ukraine,Palanga International Airport,LT,Lithuania,2023-12-23,PLQ,6,738877
vw2UWO,Elwyn,Windus,Male,9,Pakistan,Karlstad Airport,SE,Sweden,2023-12-23,KSD,2,738877
dU2yZl,Benita,Inglefield,Female,81,China,"Harstad/Narvik Airport, Evenes",NO,Norway,2023-12-23,EVE,3,738877
GobmF4,Maryann,Ralfe,Female,90,Indonesia,Grenchen Airport,CH,Switzerland,2023-12-23,ZHI,26,738877
hBBTje,Kassia,Banbrigge,Female,77,Mexico,Locarno Airport,CH,Switzerland,2023-12-23,ZJI,1,738877
K07BcW,Clementius,Parry,Male,5,Philippines,Berlin Brandenburg Airport (U.C.),DE,Germany,2023-12-23,BER,1,738877
L8QXI3,Kimmi,Gleadle,Female,40,Argentina,Vadsø Airport,NO,Norway,2023-12-23,VDS,19,738877
bpU4a0,Allie,Pietsma,Female,60,Nigeria,Malmö Sturup Airport,SE,Sweden,2023-12-23,MMX,1,738877
tg8m8l,Antonie,Walklett,Female,6,Indonesia,Lemwerder Airport,DE,Germany,2023-12-23,XLW,47,738877
6xwouW,Christopher,Aldhouse,Male,11,Sweden,Modlin Airport,PL,Poland,2023-12-23,WMI,6,738877
9yevM1,Maryann,McGuffie,Female,56,Indonesia,Alta Airport,NO,Norway,2023-12-24,ALF,2,738878
6mrYhS,Denny,Duigenan,Female,74,Greece,Žilina Airport,SK,Slovakia,2023-12-24,ILZ,1,738878
W4GrRR,Alena,McInteer,Female,16,France,Linz Hörsching Airport,AT,Austria,2023-12-25,LNZ,2,738879
9Il6RX,Atlanta,Balhatchet,Female,6,Mexico,Brescia Airport,IT,Italy,2023-12-25,VBS,50,738879
BbMUMB,Brandy,Lentsch,Female,2,Indonesia,Växjö Kronoberg Airport,SE,Sweden,2023-12-26,VXO,21,738880
QmHAiw,Lowe,Ahearne,Male,82,Argentina,Sembach Air Base,DE,Germany,2023-12-26,SEX,3,738880
pLYzPi,Renault,De Clairmont,Male,62,Costa Rica,Trollhättan-Vänersborg Airport,SE,Sweden,2023-12-26,THN,1,738880
5qwqF0,Stillman,Steanson,Male,79,Costa Rica,Bitburg Airport,DE,Germany,2023-12-27,BBJ,1,738881
0c8h88,Aggie,Whisson,Female,21,Tanzania,Amsterdam Airport Schiphol,NL,Netherlands,2023-12-27,AMS,44,738881
Hyl7y5,Margot,Sheryn,Female,30,Russia,Lemwerder Airport,DE,Germany,2023-12-27,XLW,50,738881
oxtJny,Karlotte,Gentile,Female,36,China,Leirin Airport,NO,Norway,2023-12-27,VDB,2,738881
Mj4Fzn,Keefe,Craine,Male,4,France,Torsby Airport,SE,Sweden,2023-12-28,TYF,12,738882
K2AAui,Emery,Whittingham,Male,90,Russia,Wyk auf Föhr Airport,DE,Germany,2023-12-28,OHR,2,738882
mNOycv,Denna,Wardle,Female,1,Russia,Charles de Gaulle International Airport,FR,France,2023-12-28,CDG,2,738882
2C7jxO,Ronnie,Dacey,Male,53,United States,Aachen-Merzbrück Airport,DE,Germany,2023-12-28,AAH,3,738882
sqhZTx,Red,Barendtsen,Male,56,Indonesia,Västervik Airport,SE,Sweden,2023-12-28,VVK,3,738882
BtEhR4,Lock,Hollingby,Male,11,Uruguay,Vitoria/Foronda Airport,ES,Spain,2023-12-29,VIT,1,738883
eYULSN,Yorke,Draayer,Male,4,United States,Bragança Airport,PT,Portugal,2023-12-29,BGC,46,738883
BXkR9S,Miof mela,Peschmann,Female,86,Mexico,Söderhamn Airport,SE,Sweden,2023-12-29,SOO,50,738883
rh6oYO,Francoise,Oene,Female,87,Belarus,Kiruna Airport,SE,Sweden,2023-12-29,KRN,1,738883
tPrdbJ,Patsy,Joriot,Male,10,Vietnam,Ancona Falconara Airport,IT,Italy,2023-12-29,AOI,25,738883
